date,open,high,low,close
2001-11-14,1615.752,1627.972,1614.593,1617.102
2001-11-15,1619.263,1624.813,1612.905,1621.344
2001-11-16,1725.448,1734.673,1644.607,1646.763
2001-11-19,1645.092,1669.987,1644.816,1669.894
2001-11-20,1672.212,1703.74,1670.797,1699.732
2001-11-21,1700.661,1707.927,1690.234,1705.664
2001-11-22,1705.924,1715.926,1700.51,1715.813
2001-11-23,1715.646,1721.968,1704.139,1712.564
2001-11-26,1710.132,1710.132,1695.996,1705.885
2001-11-27,1705.509,1722.62,1704.851,1722.589
2001-11-28,1725.535,1741.665,1725.156,1735.0
2001-11-29,1735.383,1741.737,1728.886,1732.296
2001-11-30,1732.134,1748.0,1731.964,1747.993
2001-12-03,1751.051,1767.438,1750.916,1762.562
2001-12-04,1763.789,1770.357,1754.866,1769.681
2001-12-05,1765.563,1776.019,1745.105,1745.227
2001-12-06,1740.077,1754.768,1737.063,1751.182
2001-12-07,1752.015,1756.474,1743.33,1745.407
2001-12-10,1743.625,1748.968,1730.806,1748.682
2001-12-11,1748.021,1748.975,1726.692,1728.878
2001-12-12,1724.875,1728.834,1714.175,1715.172
2001-12-13,1713.78,1720.55,1687.087,1688.013
2001-12-14,1683.728,1692.905,1673.324,1675.514
2001-12-17,1673.242,1680.838,1662.675,1665.938
2001-12-18,1666.514,1687.769,1660.497,1687.29
2001-12-19,1688.917,1693.181,1671.936,1672.698
2001-12-20,1669.475,1669.48,1628.47,1631.537
2001-12-21,1627.439,1640.793,1624.496,1640.142
2001-12-24,1639.522,1640.143,1601.237,1606.104
2001-12-25,1604.667,1613.602,1593.026,1611.17
2001-12-26,1610.648,1634.33,1605.146,1633.643
2001-12-27,1635.461,1644.409,1625.455,1627.923
2001-12-28,1626.955,1639.848,1619.531,1639.484
2001-12-31,1641.428,1649.8,1638.316,1645.971
2002-01-04,1643.485,1643.5,1608.829,1611.393
2002-01-07,1605.741,1605.741,1584.656,1596.76
2002-01-08,1594.867,1607.722,1582.448,1583.461
2002-01-09,1580.711,1580.72,1552.558,1561.349
2002-01-10,1556.737,1580.007,1523.663,1576.437
2002-01-11,1574.261,1574.268,1535.284,1535.593
2002-01-14,1519.932,1519.932,1484.464,1485.108
2002-01-15,1475.338,1491.703,1458.02,1459.653
2002-01-16,1458.843,1482.178,1439.4,1479.619
2002-01-17,1476.358,1476.378,1416.302,1419.519
2002-01-18,1405.55,1434.966,1376.888,1415.438
2002-01-21,1406.997,1412.212,1362.618,1366.968
2002-01-22,1360.294,1400.76,1348.789,1358.691
2002-01-23,1355.863,1445.696,1346.173,1444.965
2002-01-24,1435.319,1478.54,1400.354,1456.404
2002-01-25,1449.882,1464.902,1442.939,1451.484
2002-01-28,1444.501,1448.603,1357.55,1359.549
2002-01-29,1343.358,1396.108,1339.2,1392.775
2002-01-30,1392.95,1408.05,1381.007,1396.605
2002-01-31,1413.224,1501.33,1413.222,1491.665
2002-02-01,1494.577,1507.639,1480.77,1485.77
2002-02-04,1485.676,1513.671,1476.133,1511.327
2002-02-05,1510.567,1522.324,1502.086,1518.28
2002-02-06,1517.813,1521.558,1484.247,1485.802
2002-02-07,1482.357,1521.027,1481.068,1515.394
2002-02-08,1520.717,1530.126,1506.069,1506.615
2002-02-25,1540.493,1544.574,1521.66,1530.284
2002-02-26,1529.376,1531.717,1507.575,1531.43
2002-02-27,1531.317,1544.921,1524.685,1538.319
2002-02-28,1537.926,1544.394,1521.083,1524.701
2002-03-01,1521.528,1521.567,1501.556,1502.54
2002-03-04,1497.827,1527.4,1494.834,1526.804
2002-03-05,1529.298,1566.066,1529.298,1560.079
2002-03-06,1564.694,1594.667,1563.923,1569.208
2002-03-07,1569.172,1613.256,1569.073,1613.001
2002-03-08,1622.869,1645.292,1611.228,1640.256
2002-03-11,1643.59,1664.519,1632.615,1664.094
2002-03-12,1665.237,1672.039,1641.583,1643.692
2002-03-13,1636.945,1655.634,1621.797,1623.432
2002-03-14,1621.079,1665.785,1621.079,1665.151
2002-03-15,1671.825,1676.506,1620.562,1620.976
2002-03-18,1641.429,1657.678,1610.993,1623.884
2002-03-19,1624.319,1665.622,1624.29,1665.357
2002-03-20,1673.265,1686.105,1664.368,1682.51
2002-03-21,1686.946,1693.873,1675.245,1685.017
2002-03-22,1684.071,1684.461,1659.516,1669.694
2002-03-25,1667.853,1677.045,1663.395,1675.289
2002-03-26,1674.704,1675.21,1641.914,1649.484
2002-03-27,1646.679,1655.176,1635.816,1654.231
2002-03-28,1653.983,1666.515,1645.34,1650.673
2002-03-29,1648.087,1648.087,1596.254,1603.905
2002-04-01,1598.026,1609.917,1589.407,1608.506
2002-04-02,1608.519,1610.727,1575.972,1582.883
2002-04-03,1582.744,1603.798,1582.672,1594.508
2002-04-04,1595.018,1643.54,1583.634,1641.699
2002-04-05,1650.504,1657.094,1628.546,1634.643
2002-04-08,1633.831,1643.676,1631.067,1640.65
2002-04-09,1641.847,1671.863,1640.692,1667.522
2002-04-10,1670.802,1677.938,1663.473,1677.658
2002-04-11,1679.341,1680.298,1649.269,1649.53
2002-04-12,1648.454,1664.415,1648.454,1658.979
2002-04-15,1660.572,1664.524,1638.638,1649.5
2002-04-16,1647.508,1654.744,1635.751,1640.285
2002-04-17,1641.724,1649.433,1630.228,1644.395
2002-04-18,1644.147,1646.252,1626.034,1628.137
2002-04-19,1625.249,1635.529,1603.956,1635.172
2002-04-22,1633.642,1637.185,1619.158,1627.48
2002-04-23,1626.63,1634.863,1621.866,1624.546
2002-04-24,1623.468,1626.385,1609.205,1611.051
2002-04-25,1609.936,1616.763,1603.637,1615.919
2002-04-26,1615.519,1643.153,1615.519,1640.589
2002-04-29,1643.549,1667.159,1640.559,1665.812
2002-04-30,1668.313,1673.75,1657.817,1667.749
2002-05-08,1669.871,1670.917,1651.691,1652.368
2002-05-09,1648.46,1659.252,1646.816,1650.578
2002-05-10,1650.913,1652.288,1636.86,1638.198
2002-05-13,1634.901,1634.916,1618.464,1623.94
2002-05-14,1622.331,1629.881,1613.554,1616.231
2002-05-15,1614.9,1618.14,1597.916,1598.354
2002-05-16,1592.236,1592.237,1546.941,1549.501
2002-05-17,1549.083,1570.149,1540.576,1567.497
2002-05-20,1564.968,1564.982,1529.348,1541.53
2002-05-21,1575.022,1599.113,1564.546,1588.108
2002-05-22,1590.794,1591.034,1563.164,1564.489
2002-05-23,1571.075,1585.742,1568.104,1571.611
2002-05-24,1572.938,1574.134,1544.423,1549.466
2002-05-27,1555.042,1562.633,1545.622,1555.048
2002-05-28,1557.624,1569.411,1557.232,1558.524
2002-05-29,1558.131,1558.145,1520.125,1524.806
2002-05-30,1524.218,1530.773,1506.542,1523.522
2002-05-31,1523.014,1532.034,1513.257,1515.733
2002-06-03,1510.247,1510.259,1480.085,1483.348
2002-06-04,1484.008,1498.051,1474.363,1490.514
2002-06-05,1491.074,1491.074,1460.481,1462.0
2002-06-06,1458.611,1532.735,1455.305,1521.263
2002-06-07,1522.879,1540.825,1508.43,1529.507
2002-06-10,1529.336,1529.378,1511.257,1517.23
2002-06-11,1515.993,1534.377,1515.746,1530.963
2002-06-12,1531.75,1531.75,1513.919,1524.842
2002-06-13,1524.772,1529.436,1511.219,1511.711
2002-06-14,1508.642,1508.647,1493.244,1494.246
2002-06-17,1489.135,1496.839,1481.246,1496.242
2002-06-18,1496.831,1527.765,1496.805,1524.068
2002-06-19,1523.953,1524.011,1506.432,1507.668
2002-06-20,1511.115,1528.358,1510.528,1516.151
2002-06-21,1517.275,1564.922,1517.255,1562.722
2002-06-24,1704.698,1709.066,1647.498,1707.313
2002-06-25,1718.234,1748.89,1690.613,1706.591
2002-06-26,1698.11,1719.084,1684.913,1712.91
2002-06-27,1714.744,1730.673,1706.14,1723.545
2002-06-28,1724.727,1747.233,1710.999,1732.755
2002-07-01,1736.293,1740.381,1712.772,1713.705
2002-07-02,1707.447,1725.894,1698.832,1724.949
2002-07-03,1727.09,1736.078,1719.622,1730.919
2002-07-04,1731.899,1735.829,1710.288,1713.135
2002-07-05,1709.842,1722.48,1704.187,1722.188
2002-07-08,1723.579,1737.859,1721.124,1732.934
2002-07-09,1733.834,1741.918,1724.391,1729.986
2002-07-10,1728.517,1729.734,1698.829,1701.824
2002-07-11,1698.213,1712.199,1689.223,1696.94
2002-07-12,1696.644,1706.437,1693.211,1698.298
2002-07-15,1696.808,1697.379,1685.538,1687.945
2002-07-16,1687.666,1704.769,1686.81,1691.623
2002-07-17,1692.447,1702.236,1680.199,1701.718
2002-07-18,1703.808,1711.686,1695.396,1704.912
2002-07-19,1706.359,1714.09,1703.381,1713.861
2002-07-22,1712.018,1712.326,1678.499,1681.009
2002-07-23,1676.904,1684.655,1670.379,1673.861
2002-07-24,1673.682,1679.663,1667.44,1672.4
2002-07-25,1675.473,1682.886,1662.38,1665.109
2002-07-26,1665.089,1670.231,1656.823,1657.499
2002-07-29,1654.925,1665.955,1647.265,1665.674
2002-07-30,1666.579,1672.12,1656.852,1669.002
2002-07-31,1667.623,1671.48,1649.007,1651.594
2002-08-01,1650.054,1659.966,1639.225,1653.008
2002-08-02,1653.638,1662.715,1653.167,1661.871
2002-08-05,1661.404,1661.581,1652.4,1653.957
2002-08-06,1652.942,1679.811,1649.893,1670.619
2002-08-07,1670.173,1670.808,1663.927,1668.065
2002-08-08,1668.513,1675.302,1657.468,1659.802
2002-08-09,1658.443,1658.772,1642.771,1647.046
2002-08-12,1642.477,1642.593,1633.094,1634.566
2002-08-13,1633.677,1642.411,1633.547,1636.632
2002-08-14,1636.889,1647.086,1635.287,1646.722
2002-08-15,1646.616,1647.07,1632.133,1634.366
2002-08-16,1632.961,1652.98,1624.049,1646.792
2002-08-19,1645.931,1650.086,1641.403,1644.301
2002-08-20,1644.616,1673.915,1644.248,1671.351
2002-08-21,1671.991,1677.954,1668.364,1673.549
2002-08-22,1672.696,1696.277,1672.427,1686.111
2002-08-23,1686.296,1688.124,1679.115,1683.207
2002-08-26,1682.136,1682.316,1668.823,1670.685
2002-08-27,1670.627,1680.063,1670.112,1679.691
2002-08-28,1680.754,1683.505,1675.525,1676.77
2002-08-29,1676.858,1680.173,1665.724,1667.318
2002-08-30,1666.979,1669.14,1664.822,1666.618
2002-09-02,1666.341,1669.905,1663.172,1668.774
2002-09-03,1669.585,1680.279,1669.577,1674.07
2002-09-04,1674.453,1675.965,1662.489,1663.972
2002-09-05,1662.892,1662.899,1639.821,1641.807
2002-09-06,1639.888,1644.795,1629.928,1631.384
2002-09-09,1628.452,1628.452,1617.009,1621.582
2002-09-10,1620.282,1627.35,1619.33,1625.111
2002-09-11,1625.326,1626.842,1605.977,1620.355
2002-09-12,1619.94,1631.665,1614.599,1624.558
2002-09-13,1624.502,1626.069,1621.424,1625.759
2002-09-16,1624.133,1624.137,1598.74,1604.083
2002-09-17,1603.457,1612.015,1593.981,1604.881
2002-09-18,1603.613,1605.216,1593.526,1594.584
2002-09-19,1593.573,1623.653,1585.068,1619.354
2002-09-20,1618.2,1618.2,1602.885,1604.913
2002-09-23,1602.276,1604.295,1597.287,1602.591
2002-09-24,1602.203,1602.285,1594.282,1596.732
2002-09-25,1595.806,1602.354,1590.494,1597.837
2002-09-26,1597.854,1599.983,1586.53,1587.649
2002-09-27,1587.243,1591.837,1577.53,1581.618
2002-10-08,1577.052,1577.052,1558.476,1562.993
2002-10-09,1570.649,1571.523,1534.911,1535.366
2002-10-10,1532.181,1542.564,1528.352,1530.407
2002-10-11,1532.136,1536.873,1521.911,1524.051
2002-10-14,1522.872,1532.63,1509.136,1531.676
2002-10-15,1531.581,1534.58,1522.101,1524.728
2002-10-16,1524.908,1548.525,1524.908,1537.388
2002-10-17,1537.965,1538.794,1511.398,1513.097
2002-10-18,1511.177,1523.831,1500.543,1519.539
2002-10-21,1519.205,1525.256,1512.327,1524.925
2002-10-22,1525.08,1553.865,1525.065,1548.104
2002-10-23,1549.766,1550.088,1539.476,1548.965
2002-10-24,1549.785,1550.431,1535.9,1536.52
2002-10-25,1535.796,1542.592,1517.415,1520.313
2002-10-28,1518.086,1518.601,1500.007,1502.716
2002-10-29,1501.381,1511.765,1488.679,1510.882
2002-10-30,1511.112,1513.461,1498.448,1509.707
2002-10-31,1510.03,1521.871,1505.999,1507.496
2002-11-01,1507.383,1511.095,1498.213,1510.76
2002-11-04,1516.22,1532.226,1515.072,1531.842
2002-11-05,1533.81,1565.227,1532.288,1558.239
2002-11-06,1558.914,1559.225,1548.728,1552.561
2002-11-07,1554.043,1559.821,1546.265,1554.237
2002-11-08,1569.999,1573.104,1517.391,1522.187
2002-11-11,1519.603,1526.132,1501.989,1504.403
2002-11-12,1504.576,1517.717,1481.161,1485.913
2002-11-13,1483.712,1491.236,1461.26,1490.464
2002-11-14,1488.914,1489.14,1459.709,1460.795
2002-11-15,1455.98,1481.22,1451.392,1463.691
2002-11-18,1463.724,1468.325,1447.491,1451.29
2002-11-19,1450.703,1464.763,1441.731,1462.174
2002-11-20,1459.212,1459.212,1423.803,1425.843
2002-11-21,1421.233,1421.233,1389.289,1390.629
2002-11-22,1392.574,1408.999,1375.539,1395.497
2002-11-25,1393.341,1403.513,1383.09,1398.438
2002-11-26,1398.438,1408.793,1371.007,1371.167
2002-11-27,1365.824,1383.997,1353.139,1378.752
2002-11-28,1378.142,1417.848,1372.381,1417.525
2002-11-29,1420.429,1450.187,1409.2,1434.182
2002-12-02,1432.029,1432.029,1394.911,1395.675
2002-12-03,1391.718,1409.889,1388.513,1408.843
2002-12-04,1414.887,1432.898,1406.613,1414.454
2002-12-05,1411.89,1411.89,1395.079,1404.88
2002-12-06,1404.925,1416.997,1396.205,1405.525
2002-12-09,1404.513,1410.794,1395.926,1400.867
2002-12-10,1400.558,1406.895,1383.569,1383.84
2002-12-11,1381.399,1383.152,1367.312,1379.195
2002-12-12,1378.817,1399.766,1378.813,1383.91
2002-12-13,1375.779,1401.602,1367.934,1396.898
2002-12-16,1397.721,1409.943,1392.888,1408.515
2002-12-17,1409.173,1418.205,1403.584,1416.096
2002-12-18,1416.671,1424.478,1409.835,1411.719
2002-12-19,1411.276,1414.288,1402.642,1413.597
2002-12-20,1414.345,1431.364,1410.46,1427.936
2002-12-23,1429.951,1439.85,1429.293,1430.199
2002-12-24,1429.531,1431.124,1420.38,1430.827
2002-12-25,1431.588,1433.787,1420.93,1421.515
2002-12-26,1419.965,1420.003,1382.358,1384.152
2002-12-27,1379.328,1389.328,1367.852,1382.971
2002-12-30,1379.737,1379.753,1358.433,1366.362
2002-12-31,1364.968,1370.526,1348.714,1357.654
2003-01-02,1347.433,1351.344,1317.468,1320.63
2003-01-03,1317.583,1323.628,1312.796,1319.868
2003-01-06,1319.688,1334.887,1311.684,1334.679
2003-01-07,1335.632,1346.819,1326.191,1332.061
2003-01-08,1331.441,1373.116,1330.451,1372.067
2003-01-09,1374.618,1402.286,1365.37,1397.384
2003-01-10,1398.377,1411.374,1384.63,1384.859
2003-01-13,1381.87,1391.187,1378.647,1386.314
2003-01-14,1386.897,1476.912,1386.592,1466.851
2003-01-15,1477.454,1485.795,1448.271,1459.92
2003-01-16,1458.866,1486.059,1454.546,1485.618
2003-01-17,1488.265,1492.723,1472.96,1478.675
2003-01-20,1475.711,1482.943,1458.117,1482.681
2003-01-21,1485.87,1489.551,1454.611,1454.891
2003-01-22,1448.826,1463.938,1446.348,1460.53
2003-01-23,1460.249,1470.327,1448.701,1450.616
2003-01-24,1449.504,1483.557,1448.011,1479.07
2003-01-27,1481.609,1500.384,1480.967,1496.157
2003-01-28,1497.098,1502.432,1489.165,1500.639
2003-01-29,1501.286,1508.588,1498.372,1499.815
2003-02-10,1499.166,1499.641,1477.517,1480.169
2003-02-11,1478.046,1492.894,1476.874,1492.764
2003-02-12,1493.248,1510.985,1486.313,1510.671
2003-02-13,1512.285,1519.29,1502.431,1504.338
2003-02-14,1503.373,1515.255,1500.983,1510.95
2003-02-17,1510.64,1514.636,1490.918,1496.523
2003-02-18,1495.141,1500.293,1488.827,1496.468
2003-02-19,1496.651,1511.132,1490.022,1510.803
2003-02-20,1513.007,1517.766,1507.227,1509.486
2003-02-21,1508.077,1508.129,1476.415,1478.871
2003-02-24,1476.07,1488.072,1474.471,1481.936
2003-02-25,1481.106,1511.649,1481.106,1511.275
2003-02-26,1513.493,1515.457,1506.553,1513.175
2003-02-27,1514.024,1524.751,1508.747,1513.704
2003-02-28,1512.865,1514.502,1501.424,1511.932
2003-03-03,1511.585,1525.699,1511.045,1525.483
2003-03-04,1527.449,1529.752,1517.859,1524.304
2003-03-05,1524.077,1524.123,1508.251,1517.179
2003-03-06,1516.601,1517.348,1494.241,1498.343
2003-03-07,1495.694,1502.428,1489.384,1493.093
2003-03-10,1492.209,1496.164,1467.639,1468.919
2003-03-11,1467.551,1473.955,1463.584,1469.548
2003-03-12,1468.747,1475.287,1458.5,1475.008
2003-03-13,1475.037,1477.858,1463.33,1464.649
2003-03-14,1464.992,1471.499,1461.351,1466.044
2003-03-17,1465.144,1469.533,1453.368,1469.274
2003-03-18,1468.986,1478.995,1458.979,1459.892
2003-03-19,1458.582,1475.844,1452.592,1469.96
2003-03-20,1469.663,1477.253,1460.799,1464.54
2003-03-21,1464.184,1475.809,1461.915,1474.657
2003-03-24,1474.591,1477.974,1470.435,1477.766
2003-03-25,1478.053,1478.405,1461.754,1462.4
2003-03-26,1461.321,1465.425,1452.891,1456.271
2003-03-27,1455.439,1507.668,1447.014,1499.347
2003-03-28,1498.455,1508.263,1488.601,1491.941
2003-03-31,1491.391,1511.22,1490.986,1510.578
2003-04-01,1513.001,1525.235,1508.844,1522.546
2003-04-02,1522.491,1525.769,1516.788,1521.32
2003-04-03,1521.356,1522.671,1510.512,1511.729
2003-04-04,1510.222,1521.783,1509.61,1521.128
2003-04-07,1521.898,1530.371,1512.5,1515.132
2003-04-08,1515.645,1523.947,1513.235,1520.551
2003-04-09,1519.985,1545.336,1510.344,1543.674
2003-04-10,1546.507,1559.869,1541.289,1551.18
2003-04-11,1552.004,1581.699,1548.529,1576.86
2003-04-14,1581.38,1616.654,1581.204,1616.072
2003-04-15,1619.95,1632.092,1606.726,1631.47
2003-04-16,1633.53,1649.603,1598.828,1606.24
2003-04-17,1606.233,1621.229,1595.627,1613.604
2003-04-18,1616.905,1620.806,1596.668,1603.077
2003-04-21,1598.504,1598.583,1557.121,1571.714
2003-04-22,1570.574,1575.796,1563.589,1568.692
2003-04-23,1568.133,1569.785,1540.067,1541.96
2003-04-24,1538.58,1542.106,1492.904,1503.59
2003-04-25,1501.569,1513.332,1481.068,1487.147
2003-04-28,1483.466,1538.594,1473.266,1537.691
2003-04-29,1535.88,1535.88,1508.32,1509.313
2003-04-30,1511.154,1539.573,1510.601,1521.444
2003-05-12,1522.981,1536.893,1511.871,1531.867
2003-05-13,1533.08,1534.803,1481.745,1485.307
2003-05-14,1480.111,1523.324,1477.252,1522.924
2003-05-15,1524.499,1555.557,1516.425,1555.285
2003-05-16,1555.907,1560.724,1543.167,1554.452
2003-05-19,1557.294,1563.107,1546.752,1555.447
2003-05-20,1553.691,1553.845,1530.667,1535.52
2003-05-21,1534.601,1547.314,1530.046,1533.483
2003-05-22,1532.185,1546.393,1522.187,1546.113
2003-05-23,1547.155,1571.689,1547.089,1560.955
2003-05-26,1563.205,1574.386,1561.04,1569.512
2003-05-27,1572.308,1575.626,1558.126,1568.341
2003-05-28,1569.328,1576.624,1549.062,1551.811
2003-05-29,1549.052,1568.542,1543.341,1568.156
2003-05-30,1570.92,1581.612,1567.28,1576.261
2003-06-02,1577.987,1578.868,1564.611,1576.528
2003-06-03,1577.078,1582.412,1561.082,1562.237
2003-06-04,1560.667,1574.768,1546.621,1574.111
2003-06-05,1575.308,1575.635,1555.449,1556.249
2003-06-06,1553.195,1557.763,1538.097,1538.92
2003-06-09,1536.273,1548.141,1527.835,1530.215
2003-06-10,1529.533,1541.386,1529.515,1538.762
2003-06-11,1540.716,1566.902,1540.704,1565.84
2003-06-12,1566.921,1569.126,1556.529,1562.106
2003-06-13,1562.609,1572.413,1560.301,1566.766
2003-06-16,1568.188,1569.547,1555.372,1559.705
2003-06-17,1559.122,1564.945,1552.434,1557.175
2003-06-18,1556.894,1565.917,1552.829,1553.877
2003-06-19,1554.016,1557.376,1530.376,1538.754
2003-06-20,1537.498,1542.417,1528.301,1529.47
2003-06-23,1524.577,1524.909,1509.434,1511.365
2003-06-24,1509.107,1515.843,1504.724,1512.429
2003-06-25,1512.487,1515.923,1498.958,1502.077
2003-06-26,1500.343,1517.208,1486.081,1515.375
2003-06-27,1516.814,1516.866,1494.445,1497.054
2003-06-30,1493.69,1500.969,1483.686,1486.024
2003-07-01,1485.521,1502.571,1482.82,1484.704
2003-07-02,1485.445,1499.971,1477.873,1499.682
2003-07-03,1501.903,1507.706,1497.742,1504.436
2003-07-04,1504.597,1510.172,1497.462,1502.349
2003-07-07,1500.851,1503.81,1490.967,1501.484
2003-07-08,1501.621,1513.554,1500.98,1512.019
2003-07-09,1512.338,1513.277,1499.337,1503.314
2003-07-10,1503.509,1532.192,1501.709,1531.927
2003-07-11,1532.641,1535.975,1523.244,1528.854
2003-07-14,1528.393,1529.329,1519.119,1521.414
2003-07-15,1521.564,1531.004,1516.893,1525.439
2003-07-16,1525.499,1529.817,1520.412,1529.491
2003-07-17,1529.972,1540.194,1529.356,1539.358
2003-07-18,1539.049,1539.061,1506.487,1507.162
2003-07-21,1501.39,1504.708,1483.573,1495.885
2003-07-22,1499.893,1510.308,1485.464,1498.485
2003-07-23,1499.307,1505.312,1491.664,1502.148
2003-07-24,1503.058,1503.381,1491.199,1493.451
2003-07-25,1494.578,1502.639,1471.286,1477.651
2003-07-28,1474.736,1474.743,1464.866,1470.393
2003-07-29,1470.392,1480.584,1469.933,1477.296
2003-07-30,1477.414,1483.067,1468.822,1479.652
2003-07-31,1480.013,1482.598,1474.14,1476.742
2003-08-01,1476.47,1478.359,1464.978,1476.969
2003-08-04,1476.824,1494.416,1471.89,1494.365
2003-08-05,1494.486,1497.008,1488.967,1494.312
2003-08-06,1493.026,1493.389,1482.685,1486.252
2003-08-07,1485.741,1497.102,1485.062,1487.37
2003-08-08,1487.166,1487.408,1468.438,1471.272
2003-08-11,1469.262,1474.723,1462.724,1474.413
2003-08-12,1473.987,1484.585,1472.388,1479.283
2003-08-13,1479.669,1481.115,1465.06,1465.827
2003-08-14,1464.381,1475.022,1451.608,1455.899
2003-08-15,1454.684,1457.633,1447.11,1450.203
2003-08-18,1449.668,1451.666,1442.481,1445.089
2003-08-19,1444.659,1453.446,1444.23,1449.712
2003-08-20,1449.496,1450.471,1432.753,1441.664
2003-08-21,1441.776,1442.858,1434.313,1441.09
2003-08-22,1438.786,1446.276,1436.902,1438.883
2003-08-25,1434.212,1434.212,1419.263,1422.176
2003-08-26,1420.854,1428.413,1417.832,1425.212
2003-08-27,1425.145,1432.35,1420.354,1425.362
2003-08-28,1425.734,1428.346,1414.879,1415.693
2003-08-29,1414.414,1422.351,1406.681,1421.983
2003-09-01,1423.353,1450.041,1420.123,1449.816
2003-09-02,1450.506,1456.553,1442.009,1446.512
2003-09-03,1446.278,1451.225,1438.693,1447.85
2003-09-04,1447.765,1453.429,1443.383,1447.425
2003-09-05,1446.937,1446.975,1424.168,1431.533
2003-09-08,1429.463,1429.56,1421.141,1425.727
2003-09-09,1424.693,1429.711,1414.882,1420.074
2003-09-10,1419.519,1424.774,1415.723,1423.177
2003-09-11,1422.9,1429.555,1421.821,1423.96
2003-09-12,1426.34,1426.806,1407.952,1409.162
2003-09-15,1407.807,1416.076,1394.269,1397.54
2003-09-16,1396.753,1406.723,1389.486,1406.104
2003-09-17,1406.248,1406.367,1386.781,1389.822
2003-09-18,1388.092,1395.201,1383.4,1390.485
2003-09-19,1390.84,1395.603,1383.717,1391.37
2003-09-22,1392.897,1395.069,1378.323,1381.443
2003-09-23,1380.849,1390.351,1372.854,1390.174
2003-09-24,1391.404,1396.945,1386.788,1394.229
2003-09-25,1394.494,1394.737,1374.791,1376.291
2003-09-26,1374.602,1377.871,1367.746,1370.843
2003-09-29,1369.437,1369.477,1353.245,1355.335
2003-09-30,1354.648,1371.073,1348.222,1367.161
2003-10-08,1366.201,1373.081,1359.497,1371.685
2003-10-09,1371.681,1379.99,1367.65,1369.174
2003-10-10,1369.004,1406.002,1367.109,1404.008
2003-10-13,1405.329,1411.88,1397.693,1399.658
2003-10-14,1399.843,1400.747,1382.481,1388.172
2003-10-15,1388.245,1401.537,1380.808,1383.098
2003-10-16,1381.46,1382.532,1362.983,1365.505
2003-10-17,1365.313,1375.656,1362.415,1370.582
2003-10-20,1369.711,1370.487,1355.552,1359.498
2003-10-21,1359.51,1364.605,1350.208,1364.301
2003-10-22,1366.105,1403.101,1363.092,1398.01
2003-10-23,1398.587,1407.39,1384.639,1386.653
2003-10-24,1385.898,1389.875,1376.714,1381.83
2003-10-27,1381.836,1383.597,1361.191,1369.463
2003-10-28,1365.998,1382.597,1356.488,1369.325
2003-10-29,1372.346,1375.91,1344.423,1361.487
2003-10-30,1360.018,1360.068,1340.292,1344.633
2003-10-31,1341.504,1364.663,1334.784,1348.303
2003-11-03,1346.481,1367.336,1339.958,1364.055
2003-11-04,1363.957,1412.91,1363.901,1389.545
2003-11-05,1389.72,1396.86,1375.992,1385.11
2003-11-06,1384.67,1385.844,1351.095,1356.79
2003-11-07,1353.43,1353.454,1323.118,1335.205
2003-11-10,1330.957,1340.867,1322.048,1340.097
2003-11-11,1340.32,1350.387,1331.117,1343.616
2003-11-12,1341.569,1341.578,1316.847,1317.792
2003-11-13,1313.929,1324.983,1307.395,1319.608
2003-11-14,1318.722,1331.421,1312.788,1331.051
2003-11-17,1330.487,1333.414,1323.682,1328.103
2003-11-18,1334.654,1336.099,1314.987,1316.562
2003-11-19,1313.836,1341.563,1312.562,1338.87
2003-11-20,1338.604,1377.118,1336.14,1376.506
2003-11-21,1379.937,1394.568,1359.902,1361.559
2003-11-24,1360.328,1404.247,1360.231,1404.008
2003-11-25,1407.755,1423.582,1400.899,1408.415
2003-11-26,1407.302,1413.769,1398.032,1411.909
2003-11-27,1412.308,1415.74,1387.787,1389.103
2003-11-28,1388.312,1401.463,1385.818,1397.225
2003-12-01,1398.706,1432.821,1398.706,1432.703
2003-12-02,1437.24,1444.565,1430.237,1435.314
2003-12-03,1434.697,1462.073,1424.349,1445.026
2003-12-04,1445.4,1454.323,1440.82,1452.809
2003-12-05,1454.413,1456.866,1440.789,1451.118
2003-12-08,1452.113,1459.48,1435.139,1436.663
2003-12-09,1435.099,1443.61,1429.064,1443.366
2003-12-10,1449.567,1469.713,1448.497,1469.422
2003-12-11,1472.385,1475.377,1460.193,1470.023
2003-12-12,1469.702,1472.864,1459.549,1470.792
2003-12-15,1471.244,1474.671,1465.505,1470.357
2003-12-16,1469.119,1469.119,1441.063,1466.337
2003-12-17,1465.606,1480.433,1453.883,1453.995
2003-12-18,1450.854,1458.671,1445.08,1457.301
2003-12-19,1463.448,1470.206,1429.71,1446.285
2003-12-22,1444.173,1493.535,1441.585,1492.963
2003-12-23,1497.572,1507.035,1487.115,1500.64
2003-12-24,1501.355,1514.317,1498.98,1513.825
2003-12-25,1514.929,1525.299,1504.252,1512.597
2003-12-26,1513.113,1516.483,1504.133,1514.775
2003-12-29,1509.281,1512.975,1495.535,1496.427
2003-12-30,1495.669,1513.728,1495.391,1511.691
2003-12-31,1513.616,1516.523,1491.248,1497.044
2004-01-02,1492.724,1526.244,1491.694,1517.193
2004-01-05,1516.797,1568.815,1516.697,1568.353
2004-01-06,1568.899,1589.083,1557.927,1574.523
2004-01-07,1574.102,1594.997,1565.087,1587.204
2004-01-08,1587.451,1616.576,1582.88,1610.126
2004-01-09,1612.39,1618.764,1579.686,1581.466
2004-01-12,1579.875,1619.094,1573.77,1618.518
2004-01-13,1622.047,1627.486,1596.718,1612.683
2004-01-14,1612.916,1613.153,1585.906,1592.423
2004-01-15,1591.818,1601.414,1582.357,1586.493
2004-01-16,1589.377,1604.756,1579.241,1600.425
2004-01-29,1605.247,1629.178,1603.314,1628.837
2004-01-30,1631.11,1634.413,1589.401,1590.729
2004-02-02,1630.654,1650.291,1585.958,1623.88
2004-02-03,1625.288,1650.236,1615.813,1649.282
2004-02-04,1652.614,1685.765,1652.613,1685.159
2004-02-05,1690.938,1693.9,1674.623,1693.428
2004-02-06,1690.559,1705.908,1671.396,1679.193
2004-02-09,1679.581,1703.772,1679.096,1703.529
2004-02-10,1708.896,1715.464,1683.596,1691.009
2004-02-11,1691.608,1692.902,1660.009,1677.759
2004-02-12,1679.081,1693.013,1660.313,1663.832
2004-02-13,1664.603,1672.439,1653.24,1658.539
2004-02-16,1661.452,1697.26,1661.445,1696.827
2004-02-17,1701.409,1710.857,1693.965,1703.774
2004-02-18,1704.745,1719.888,1697.317,1717.096
2004-02-19,1719.309,1728.022,1710.705,1717.015
2004-02-20,1715.806,1722.574,1702.929,1721.752
2004-02-23,1725.594,1730.279,1680.893,1681.654
2004-02-24,1675.635,1683.043,1650.177,1682.297
2004-02-25,1684.902,1700.498,1642.691,1647.381
2004-02-26,1642.409,1655.295,1628.84,1654.898
2004-02-27,1657.262,1675.323,1657.039,1675.067
2004-03-01,1676.222,1690.07,1661.339,1689.76
2004-03-02,1692.616,1694.815,1677.979,1687.278
2004-03-03,1686.964,1688.935,1654.564,1661.812
2004-03-04,1658.634,1670.156,1642.625,1668.874
2004-03-05,1671.061,1675.026,1660.213,1662.096
2004-03-08,1660.642,1665.728,1635.438,1637.144
2004-03-09,1636.206,1659.647,1634.71,1637.099
2004-03-10,1639.68,1678.403,1639.68,1678.073
2004-03-11,1680.313,1698.781,1672.668,1691.643
2004-03-12,1692.87,1699.249,1680.452,1694.743
2004-03-15,1696.942,1738.984,1696.824,1736.22
2004-03-16,1741.623,1747.981,1730.735,1745.543
2004-03-17,1746.74,1750.713,1730.266,1745.098
2004-03-18,1746.176,1755.101,1714.9,1717.26
2004-03-19,1715.473,1748.187,1710.836,1747.872
2004-03-22,1749.709,1760.076,1742.372,1755.685
2004-03-23,1755.321,1755.332,1731.489,1741.695
2004-03-24,1740.89,1752.418,1729.511,1740.054
2004-03-25,1737.488,1751.813,1725.984,1736.477
2004-03-26,1737.058,1741.565,1720.876,1734.047
2004-03-29,1734.59,1740.305,1717.864,1719.674
2004-03-30,1718.783,1727.178,1711.664,1724.277
2004-03-31,1726.569,1745.703,1724.21,1741.623
2004-04-01,1744.709,1758.982,1741.33,1758.147
2004-04-02,1760.467,1771.672,1756.653,1768.645
2004-04-05,1771.737,1774.12,1753.713,1766.483
2004-04-06,1767.322,1777.744,1754.741,1777.516
2004-04-07,1779.427,1783.007,1771.13,1774.552
2004-04-08,1774.398,1778.095,1765.022,1770.279
2004-04-09,1770.911,1778.22,1721.59,1727.348
2004-04-12,1717.203,1729.622,1702.4,1722.986
2004-04-13,1724.578,1734.918,1710.391,1715.136
2004-04-14,1714.526,1716.82,1678.336,1697.156
2004-04-15,1697.244,1705.017,1674.911,1679.076
2004-04-16,1678.972,1694.557,1656.302,1693.861
2004-04-19,1695.333,1698.691,1672.354,1675.885
2004-04-20,1674.363,1682.05,1659.946,1669.422
2004-04-21,1669.382,1675.36,1645.078,1651.577
2004-04-22,1649.051,1659.791,1637.29,1657.785
2004-04-23,1653.944,1653.99,1632.559,1635.501
2004-04-26,1633.269,1644.502,1623.049,1635.499
2004-04-27,1636.438,1640.695,1608.811,1611.86
2004-04-28,1606.421,1615.143,1589.1,1606.801
2004-04-29,1605.302,1613.555,1578.094,1579.447
2004-04-30,1579.966,1599.561,1572.23,1595.587
2004-05-10,1600.626,1603.074,1555.26,1560.215
2004-05-11,1556.717,1570.761,1545.631,1568.059
2004-05-12,1568.409,1604.424,1564.139,1603.768
2004-05-13,1605.704,1606.072,1589.458,1597.57
2004-05-14,1596.734,1597.319,1558.538,1562.688
2004-05-17,1556.673,1562.392,1537.466,1539.959
2004-05-18,1537.338,1555.859,1526.238,1555.442
2004-05-19,1559.262,1575.378,1548.161,1558.287
2004-05-20,1556.685,1571.303,1542.219,1549.061
2004-05-21,1548.563,1559.859,1545.619,1558.33
2004-05-24,1559.552,1562.332,1547.359,1550.348
2004-05-25,1549.021,1549.588,1516.345,1518.045
2004-05-26,1515.156,1529.914,1508.645,1524.436
2004-05-27,1524.943,1559.551,1515.973,1557.178
2004-05-28,1558.416,1561.004,1545.648,1548.722
2004-05-31,1549.031,1556.794,1544.713,1555.906
2004-06-01,1555.562,1579.82,1553.118,1579.658
2004-06-02,1580.209,1580.57,1562.239,1567.067
2004-06-03,1566.421,1566.828,1540.741,1543.527
2004-06-04,1541.093,1549.496,1534.992,1542.086
2004-06-07,1538.463,1538.499,1508.874,1517.145
2004-06-08,1514.783,1519.991,1488.63,1493.814
2004-06-09,1492.199,1497.182,1464.16,1468.071
2004-06-10,1465.556,1478.167,1456.321,1468.344
2004-06-11,1471.689,1499.459,1469.536,1472.072
2004-06-14,1471.446,1471.446,1431.314,1438.736
2004-06-15,1436.082,1469.571,1433.033,1463.777
2004-06-16,1465.227,1491.686,1452.578,1475.416
2004-06-17,1475.273,1478.489,1443.534,1445.501
2004-06-18,1442.476,1442.48,1411.031,1427.301
2004-06-21,1421.828,1434.204,1414.969,1433.467
2004-06-22,1434.416,1456.13,1430.963,1450.683
2004-06-23,1450.069,1450.109,1428.797,1440.729
2004-06-24,1438.311,1447.394,1426.492,1427.754
2004-06-25,1426.554,1434.473,1399.391,1401.113
2004-06-28,1396.361,1397.522,1380.197,1385.181
2004-06-29,1384.643,1409.376,1376.218,1408.689
2004-06-30,1408.272,1415.844,1394.676,1399.162
2004-07-01,1398.198,1445.102,1396.347,1441.068
2004-07-02,1441.121,1447.612,1428.074,1441.19
2004-07-05,1440.17,1444.932,1429.12,1444.59
2004-07-06,1445.398,1466.784,1445.316,1450.501
2004-07-07,1448.95,1448.956,1434.293,1438.398
2004-07-08,1436.473,1440.638,1426.948,1439.783
2004-07-09,1439.735,1451.752,1429.139,1430.654
2004-07-12,1426.251,1426.251,1393.807,1397.148
2004-07-13,1395.353,1403.141,1389.159,1399.461
2004-07-14,1399.865,1408.987,1378.912,1403.755
2004-07-15,1404.471,1422.256,1399.984,1421.544
2004-07-16,1423.687,1458.385,1422.24,1456.13
2004-07-19,1456.771,1465.84,1447.05,1457.537
2004-07-20,1457.227,1457.291,1440.056,1447.941
2004-07-21,1446.517,1452.859,1436.847,1448.037
2004-07-22,1448.128,1449.686,1404.542,1407.438
2004-07-23,1403.36,1408.457,1387.262,1407.396
2004-07-26,1401.843,1401.881,1381.905,1387.67
2004-07-27,1386.995,1395.311,1373.42,1384.128
2004-07-28,1385.504,1397.167,1366.503,1388.81
2004-07-29,1388.617,1407.356,1385.962,1407.331
2004-07-30,1408.489,1409.119,1384.738,1386.202
2004-08-02,1381.877,1383.077,1370.499,1373.217
2004-08-03,1371.275,1378.196,1363.693,1366.258
2004-08-04,1365.665,1424.553,1364.009,1404.505
2004-08-05,1402.374,1413.082,1387.546,1389.039
2004-08-06,1388.073,1400.954,1380.315,1390.461
2004-08-09,1388.084,1397.59,1382.943,1395.848
2004-08-10,1396.623,1404.722,1390.943,1400.769
2004-08-11,1401.021,1401.251,1382.244,1384.964
2004-08-12,1378.794,1378.794,1357.079,1368.196
2004-08-13,1361.985,1377.816,1358.315,1368.45
2004-08-16,1366.516,1369.866,1350.839,1354.511
2004-08-17,1354.382,1364.409,1344.813,1360.2
2004-08-18,1359.871,1371.234,1357.027,1358.216
2004-08-19,1357.231,1357.268,1333.479,1340.45
2004-08-20,1338.307,1349.475,1327.769,1341.738
2004-08-23,1339.933,1339.936,1322.979,1325.413
2004-08-24,1323.791,1347.151,1317.556,1344.626
2004-08-25,1344.462,1346.967,1334.292,1339.784
2004-08-26,1339.616,1340.948,1330.223,1334.422
2004-08-27,1333.307,1337.73,1314.6,1320.614
2004-08-30,1318.318,1322.232,1310.024,1319.407
2004-08-31,1342.302,1360.754,1331.762,1342.062
2004-09-01,1340.75,1340.771,1319.862,1321.462
2004-09-02,1319.071,1328.607,1303.188,1327.927
2004-09-03,1327.807,1333.219,1319.825,1327.116
2004-09-06,1326.459,1326.873,1315.958,1321.465
2004-09-07,1321.208,1325.683,1312.312,1324.294
2004-09-08,1322.84,1323.259,1302.113,1309.333
2004-09-09,1307.468,1307.472,1281.749,1284.307
2004-09-10,1281.583,1287.747,1270.937,1287.081
2004-09-13,1285.319,1285.319,1259.432,1260.316
2004-09-14,1266.232,1305.734,1266.232,1300.357
2004-09-15,1303.288,1374.036,1301.376,1355.226
2004-09-16,1364.25,1377.99,1354.2,1371.201
2004-09-17,1373.499,1415.64,1368.543,1414.702
2004-09-20,1423.972,1463.793,1422.899,1463.221
2004-09-21,1466.203,1467.543,1436.51,1448.562
2004-09-22,1444.254,1451.413,1414.701,1420.148
2004-09-23,1417.391,1464.976,1408.61,1464.779
2004-09-24,1475.091,1496.214,1434.31,1435.563
2004-09-27,1452.508,1466.402,1419.313,1427.398
2004-09-28,1430.221,1438.048,1416.603,1435.589
2004-09-29,1436.706,1438.977,1417.829,1420.009
2004-09-30,1418.108,1420.052,1390.684,1396.7
2004-10-08,1395.669,1423.204,1373.928,1422.929
2004-10-11,1424.225,1437.572,1409.223,1413.154
2004-10-12,1410.61,1410.61,1380.692,1384.439
2004-10-13,1382.356,1393.652,1372.063,1386.721
2004-10-14,1386.858,1387.362,1331.131,1332.938
2004-10-15,1328.472,1340.116,1312.55,1330.518
2004-10-18,1332.521,1341.783,1316.323,1335.394
2004-10-19,1339.064,1361.814,1334.465,1337.618
2004-10-20,1337.714,1337.715,1311.877,1330.584
2004-10-21,1331.22,1340.963,1304.544,1310.545
2004-10-22,1310.854,1330.56,1294.041,1329.355
2004-10-25,1337.254,1346.881,1308.892,1311.151
2004-10-26,1309.622,1325.202,1289.873,1324.783
2004-10-27,1326.917,1343.029,1314.867,1342.799
2004-10-28,1340.815,1356.631,1336.75,1341.737
2004-10-29,1316.599,1337.276,1304.067,1320.536
2004-11-01,1317.658,1323.101,1304.294,1305.291
2004-11-02,1303.878,1306.278,1290.988,1301.528
2004-11-03,1304.575,1327.5,1301.324,1326.749
2004-11-04,1328.115,1338.264,1301.363,1304.776
2004-11-05,1308.654,1315.941,1298.707,1305.128
2004-11-08,1303.522,1307.619,1292.909,1304.229
2004-11-09,1304.371,1313.151,1299.942,1307.429
2004-11-10,1310.319,1360.713,1302.704,1354.386
2004-11-11,1358.647,1379.86,1346.029,1347.07
2004-11-12,1346.843,1360.329,1341.124,1352.217
2004-11-15,1354.478,1370.616,1354.478,1370.046
2004-11-16,1372.576,1376.189,1361.279,1370.389
2004-11-17,1370.698,1370.792,1350.521,1356.138
2004-11-18,1353.498,1368.061,1352.886,1367.828
2004-11-19,1369.806,1380.076,1365.241,1379.96
2004-11-22,1381.579,1387.342,1374.406,1383.02
2004-11-23,1383.525,1383.787,1368.143,1371.244
2004-11-24,1371.323,1380.766,1358.452,1359.125
2004-11-25,1358.408,1362.159,1348.406,1358.333
2004-11-26,1357.536,1362.494,1354.795,1356.727
2004-11-29,1354.575,1354.575,1335.608,1337.434
2004-11-30,1335.998,1341.482,1332.288,1340.771
2004-12-01,1340.916,1342.546,1332.967,1334.944
2004-12-02,1333.573,1334.058,1324.553,1333.09
2004-12-03,1333.009,1343.711,1332.856,1337.197
2004-12-06,1337.807,1342.831,1327.383,1339.644
2004-12-07,1339.818,1340.879,1322.818,1323.752
2004-12-08,1331.277,1337.87,1322.051,1326.438
2004-12-09,1326.744,1352.455,1318.468,1338.81
2004-12-10,1336.628,1340.365,1316.643,1317.717
2004-12-13,1312.605,1314.4,1299.804,1309.695
2004-12-14,1309.066,1315.894,1303.149,1307.553
2004-12-15,1307.34,1317.816,1291.855,1313.045
2004-12-16,1311.027,1317.617,1302.485,1305.018
2004-12-17,1303.94,1303.94,1288.237,1290.49
2004-12-20,1286.066,1286.066,1272.146,1275.459
2004-12-21,1275.087,1285.705,1271.03,1275.17
2004-12-22,1277.183,1307.726,1275.063,1307.57
2004-12-23,1308.576,1308.589,1280.718,1282.719
2004-12-24,1281.318,1290.657,1280.38,1285.036
2004-12-27,1285.41,1292.313,1276.73,1280.272
2004-12-28,1280.931,1283.631,1271.91,1278.943
2004-12-29,1278.688,1285.549,1270.887,1274.313
2004-12-30,1273.154,1280.571,1264.152,1273.709
2004-12-31,1275.386,1280.827,1264.486,1266.496
2005-01-04,1260.782,1260.782,1238.179,1242.774
2005-01-05,1241.682,1258.58,1235.746,1251.937
2005-01-06,1252.493,1252.735,1234.236,1239.43
2005-01-07,1239.323,1256.313,1235.508,1244.746
2005-01-10,1243.576,1252.723,1236.089,1252.401
2005-01-11,1252.711,1260.871,1247.835,1257.462
2005-01-12,1257.17,1257.193,1246.422,1256.923
2005-01-13,1255.718,1259.499,1251.016,1256.314
2005-01-14,1255.871,1268.856,1243.873,1245.62
2005-01-17,1235.574,1236.397,1214.065,1216.652
2005-01-18,1215.776,1226.043,1207.052,1225.454
2005-01-19,1225.075,1225.075,1214.635,1218.108
2005-01-20,1213.368,1213.96,1199.167,1204.394
2005-01-21,1201.933,1237.909,1189.211,1234.476
2005-01-24,1258.024,1265.949,1239.8,1255.777
2005-01-25,1252.354,1254.866,1239.164,1254.234
2005-01-26,1252.372,1254.232,1240.131,1241.958
2005-01-27,1239.579,1241.137,1223.877,1225.891
2005-01-28,1223.727,1226.304,1208.857,1213.673
2005-01-31,1210.755,1210.755,1190.173,1191.823
2005-02-01,1189.501,1203.066,1187.26,1188.931
2005-02-02,1189.502,1253.159,1189.502,1252.5
2005-02-03,1253.813,1269.155,1236.179,1242.307
2005-02-04,1238.609,1274.115,1235.64,1269.004
2005-02-16,1276.015,1291.465,1270.318,1278.88
2005-02-17,1280.028,1280.028,1263.711,1276.134
2005-02-18,1275.664,1278.624,1258.561,1258.969
2005-02-21,1259.528,1284.937,1259.509,1284.48
2005-02-22,1285.629,1312.533,1282.783,1309.277
2005-02-23,1309.624,1316.588,1299.146,1309.475
2005-02-24,1307.036,1310.967,1296.979,1309.949
2005-02-25,1311.367,1328.533,1311.205,1312.445
2005-02-28,1311.439,1315.137,1298.928,1306.003
2005-03-01,1305.249,1308.758,1295.642,1303.412
2005-03-02,1303.31,1316.723,1285.916,1287.45
2005-03-03,1285.197,1295.253,1276.88,1294.339
2005-03-04,1294.156,1299.596,1286.481,1287.714
2005-03-07,1288.408,1296.88,1287.74,1293.739
2005-03-08,1298.25,1318.895,1296.908,1318.271
2005-03-09,1321.208,1326.076,1310.235,1316.791
2005-03-10,1316.9,1316.9,1282.528,1286.233
2005-03-11,1284.513,1292.529,1278.153,1289.941
2005-03-14,1288.985,1304.112,1271.511,1293.5
2005-03-15,1293.132,1293.259,1266.637,1269.144
2005-03-16,1267.052,1268.187,1247.893,1255.589
2005-03-17,1255.985,1257.794,1242.513,1243.475
2005-03-18,1242.453,1248.034,1223.615,1227.403
2005-03-21,1226.143,1232.817,1220.824,1231.046
2005-03-22,1230.682,1231.676,1202.427,1206.922
2005-03-23,1205.755,1218.011,1194.322,1201.649
2005-03-24,1200.257,1208.608,1187.581,1208.192
2005-03-25,1207.203,1211.16,1199.87,1205.634
2005-03-28,1204.85,1204.85,1185.456,1200.113
2005-03-29,1199.691,1209.229,1194.589,1195.018
2005-03-30,1192.447,1192.447,1171.811,1172.574
2005-03-31,1168.828,1181.531,1162.031,1181.236
2005-04-01,1180.373,1237.8,1173.543,1223.566
2005-04-04,1212.118,1218.275,1196.945,1202.967
2005-04-05,1200.691,1209.341,1189.255,1191.745
2005-04-06,1191.198,1220.415,1183.906,1214.868
2005-04-07,1216.728,1248.062,1213.65,1225.487
2005-04-08,1225.049,1249.203,1218.759,1248.521
2005-04-11,1248.15,1252.813,1235.356,1240.972
2005-04-12,1239.134,1239.134,1218.512,1219.511
2005-04-13,1228.974,1254.319,1228.974,1248.203
2005-04-14,1252.206,1253.598,1233.237,1234.332
2005-04-15,1229.68,1229.68,1213.203,1216.962
2005-04-18,1212.392,1212.392,1190.984,1197.735
2005-04-19,1196.281,1202.492,1191.231,1199.902
2005-04-20,1198.956,1198.956,1178.64,1184.193
2005-04-21,1182.205,1190.541,1167.994,1172.556
2005-04-22,1171.028,1177.885,1163.402,1169.187
2005-04-25,1166.342,1166.342,1146.414,1157.971
2005-04-26,1155.644,1169.145,1151.637,1165.335
2005-04-27,1165.099,1166.198,1148.138,1148.757
2005-04-28,1145.746,1172.71,1135.733,1169.118
2005-04-29,1168.331,1170.199,1155.985,1159.146
2005-05-09,1160.62,1165.39,1130.411,1130.835
2005-05-10,1126.818,1135.798,1108.42,1135.561
2005-05-11,1134.595,1140.171,1121.867,1124.271
2005-05-12,1122.178,1122.916,1099.84,1103.993
2005-05-13,1101.606,1120.169,1093.281,1107.627
2005-05-16,1105.397,1105.397,1082.137,1095.468
2005-05-17,1091.258,1108.178,1083.943,1099.64
2005-05-18,1099.74,1108.844,1090.299,1102.965
2005-05-19,1101.753,1107.227,1083.115,1103.475
2005-05-20,1100.491,1108.61,1094.669,1099.269
2005-05-23,1095.308,1095.308,1069.435,1070.844
2005-05-24,1065.998,1078.098,1057.536,1073.847
2005-05-25,1072.521,1082.179,1064.875,1072.137
2005-05-26,1071.212,1077.441,1055.816,1058.867
2005-05-27,1056.323,1068.211,1050.055,1051.946
2005-05-30,1049.721,1063.947,1043.276,1060.162
2005-05-31,1061.612,1070.502,1057.748,1060.738
2005-06-01,1059.61,1063.518,1035.706,1039.187
2005-06-02,1036.73,1036.73,1008.754,1016.063
2005-06-03,1013.903,1019.922,1000.522,1013.637
2005-06-06,1010.381,1034.853,998.228,1034.378
2005-06-07,1036.617,1055.629,1029.539,1030.941
2005-06-08,1044.179,1118.694,1040.158,1115.582
2005-06-09,1118.806,1146.417,1103.681,1131.052
2005-06-10,1130.554,1130.554,1101.828,1108.286
2005-06-13,1105.961,1112.101,1085.866,1106.291
2005-06-14,1108.337,1119.676,1092.402,1093.464
2005-06-15,1090.458,1090.458,1070.065,1072.836
2005-06-16,1071.772,1086.348,1064.027,1086.01
2005-06-17,1090.114,1094.669,1079.078,1085.61
2005-06-20,1087.849,1115.862,1073.41,1115.62
2005-06-21,1115.665,1115.665,1098.904,1101.486
2005-06-22,1098.958,1103.249,1090.745,1102.033
2005-06-23,1100.559,1106.749,1092.478,1093.702
2005-06-24,1091.989,1102.23,1087.693,1101.882
2005-06-27,1108.465,1129.959,1108.465,1124.64
2005-06-28,1120.945,1120.945,1105.341,1108.588
2005-06-29,1111.667,1113.522,1103.906,1104.992
2005-06-30,1103.477,1103.477,1078.1,1080.938
2005-07-01,1077.313,1077.313,1053.631,1055.594
2005-07-04,1050.242,1050.242,1030.179,1047.278
2005-07-05,1043.883,1047.823,1032.515,1039.043
2005-07-06,1040.699,1044.779,1028.22,1033.545
2005-07-07,1033.218,1044.053,1030.498,1038.597
2005-07-08,1036.412,1036.412,1015.399,1017.983
2005-07-11,1026.79,1043.207,1009.038,1011.499
2005-07-12,1007.901,1048.918,1004.081,1046.161
2005-07-13,1044.578,1045.943,1033.81,1037.394
2005-07-14,1035.527,1049.881,1033.165,1040.416
2005-07-15,1039.609,1046.364,1021.986,1026.115
2005-07-18,1023.38,1023.38,1008.521,1012.097
2005-07-19,1011.005,1020.675,1004.657,1014.355
2005-07-20,1013.984,1025.103,1008.682,1021.052
2005-07-21,1020.693,1022.044,1009.986,1020.632
2005-07-22,1026.129,1054.635,1024.001,1046.321
2005-07-25,1045.269,1048.974,1040.592,1045.4
2005-07-26,1046.536,1078.056,1046.536,1072.807
2005-07-27,1072.564,1090.185,1068.497,1089.909
2005-07-28,1090.11,1097.634,1083.357,1086.548
2005-07-29,1084.972,1088.476,1077.122,1083.033
2005-08-01,1082.796,1094.151,1081.118,1088.948
2005-08-02,1089.528,1104.044,1084.796,1104.038
2005-08-03,1106.317,1120.679,1103.904,1107.699
2005-08-04,1104.91,1108.163,1099.134,1102.589
2005-08-05,1102.62,1129.068,1102.596,1128.743
2005-08-08,1131.803,1146.727,1131.803,1138.882
2005-08-09,1139.122,1152.94,1130.585,1152.534
2005-08-10,1153.209,1165.127,1144.95,1165.033
2005-08-11,1165.443,1184.256,1164.104,1183.579
2005-08-12,1185.266,1192.049,1161.787,1167.915
2005-08-15,1167.033,1187.797,1163.848,1187.006
2005-08-16,1188.02,1192.917,1170.11,1177.278
2005-08-17,1175.176,1193.568,1160.082,1192.834
2005-08-18,1194.436,1201.755,1146.561,1148.035
2005-08-19,1144.459,1157.37,1132.865,1150.184
2005-08-22,1148.972,1162.04,1142.678,1158.597
2005-08-23,1158.829,1159.631,1139.239,1149.957
2005-08-24,1151.448,1171.434,1151.448,1167.137
2005-08-25,1167.999,1172.69,1157.183,1172.475
2005-08-26,1173.01,1174.537,1163.991,1171.86
2005-08-29,1171.999,1172.014,1147.934,1154.428
2005-08-30,1151.621,1153.765,1145.272,1146.385
2005-08-31,1145.813,1163.524,1140.099,1162.798
2005-09-01,1163.7,1185.76,1160.048,1184.933
2005-09-02,1187.062,1188.913,1179.109,1188.848
2005-09-05,1189.065,1196.866,1184.011,1196.224
2005-09-06,1197.231,1201.824,1172.064,1173.322
2005-09-07,1170.77,1194.586,1168.581,1194.309
2005-09-08,1196.273,1201.463,1184.788,1194.411
2005-09-09,1194.495,1204.456,1184.423,1189.625
2005-09-12,1189.747,1191.933,1181.434,1188.212
2005-09-13,1188.25,1207.401,1186.22,1207.164
2005-09-14,1209.267,1217.413,1204.546,1217.261
2005-09-15,1217.519,1218.941,1210.718,1217.281
2005-09-16,1217.419,1217.758,1208.561,1212.947
2005-09-19,1213.486,1220.974,1210.188,1220.627
2005-09-20,1222.255,1223.565,1204.869,1212.617
2005-09-21,1210.852,1210.852,1186.981,1187.988
2005-09-22,1185.688,1185.688,1147.194,1159.96
2005-09-23,1157.295,1164.599,1149.745,1151.98
2005-09-26,1150.933,1155.604,1147.268,1155.042
2005-09-27,1155.053,1157.799,1132.527,1133.237
2005-09-28,1131.317,1142.49,1129.054,1131.774
2005-09-29,1134.441,1155.777,1134.441,1155.485
2005-09-30,1156.77,1158.698,1150.627,1155.614
2005-10-10,1153.672,1153.672,1137.289,1138.95
2005-10-11,1137.948,1157.303,1133.895,1157.192
2005-10-12,1157.485,1165.666,1152.251,1161.853
2005-10-13,1162.023,1165.355,1152.089,1152.607
2005-10-14,1152.374,1154.32,1135.509,1139.547
2005-10-17,1138.379,1138.379,1121.968,1131.375
2005-10-18,1131.263,1142.037,1129.669,1141.201
2005-10-19,1141.052,1150.594,1132.479,1134.608
2005-10-20,1133.453,1136.314,1119.378,1135.949
2005-10-21,1135.61,1145.99,1132.358,1141.318
2005-10-24,1141.331,1143.459,1133.92,1141.171
2005-10-25,1140.173,1140.173,1121.286,1121.918
2005-10-26,1119.429,1119.429,1094.571,1097.161
2005-10-27,1093.93,1101.269,1087.484,1097.782
2005-10-28,1097.585,1102.023,1067.407,1080.867
2005-10-31,1079.04,1096.149,1078.285,1092.817
2005-11-01,1091.677,1094.153,1074.298,1089.95
2005-11-02,1089.997,1108.884,1089.997,1104.792
2005-11-03,1104.594,1111.437,1090.821,1095.273
2005-11-04,1094.258,1100.43,1087.845,1100.045
2005-11-07,1099.527,1100.952,1089.829,1100.65
2005-11-08,1099.94,1111.119,1092.539,1110.147
2005-11-09,1110.547,1117.063,1107.642,1108.153
2005-11-10,1106.944,1106.944,1086.1,1088.301
2005-11-11,1085.694,1094.307,1078.583,1090.195
2005-11-14,1089.559,1089.709,1083.023,1088.653
2005-11-15,1088.512,1099.029,1082.507,1087.508
2005-11-16,1086.826,1096.297,1075.431,1095.89
2005-11-17,1094.878,1098.675,1090.355,1095.31
2005-11-18,1095.521,1122.61,1093.529,1116.999
2005-11-21,1117.776,1122.879,1114.243,1119.936
2005-11-22,1119.689,1119.689,1098.495,1098.655
2005-11-23,1096.56,1106.477,1093.952,1105.746
2005-11-24,1105.335,1117.944,1103.763,1113.374
2005-11-25,1113.283,1115.081,1107.213,1114.916
2005-11-28,1113.829,1119.345,1106.943,1110.823
2005-11-29,1109.569,1110.305,1095.344,1096.986
2005-11-30,1095.299,1099.577,1090.723,1099.261
2005-12-01,1098.784,1104.563,1094.438,1098.747
2005-12-02,1099.756,1102.759,1089.562,1094.287
2005-12-05,1093.101,1093.101,1077.405,1079.197
2005-12-06,1077.578,1089.594,1074.007,1087.794
2005-12-07,1087.741,1100.048,1086.733,1099.615
2005-12-08,1100.685,1106.342,1092.992,1098.323
2005-12-09,1097.515,1114.584,1094.738,1113.477
2005-12-12,1115.751,1118.525,1109.082,1116.367
2005-12-13,1115.765,1119.421,1106.749,1117.846
2005-12-14,1117.47,1127.629,1110.206,1125.387
2005-12-15,1125.672,1134.853,1121.556,1123.555
2005-12-16,1122.733,1127.941,1118.936,1127.508
2005-12-19,1127.837,1134.5,1123.504,1131.751
2005-12-20,1131.796,1136.386,1126.991,1136.342
2005-12-21,1135.977,1142.393,1128.943,1130.759
2005-12-22,1129.564,1136.001,1125.954,1135.238
2005-12-23,1135.705,1144.938,1135.074,1144.871
2005-12-26,1145.77,1159.782,1145.337,1156.823
2005-12-27,1157.489,1158.163,1149.847,1154.288
2005-12-28,1155.117,1157.197,1149.271,1157.034
2005-12-29,1157.506,1169.867,1157.505,1169.862
2005-12-30,1171.575,1173.064,1158.966,1161.057
2006-01-04,1163.878,1181.004,1161.906,1180.963
2006-01-05,1183.305,1197.837,1180.451,1197.269
2006-01-06,1198.811,1215.536,1191.614,1209.422
2006-01-09,1210.32,1217.314,1205.248,1215.668
2006-01-10,1215.848,1220.756,1203.651,1220.618
2006-01-11,1219.811,1223.559,1204.041,1211.053
2006-01-12,1208.766,1227.302,1205.283,1226.704
2006-01-13,1228.157,1231.223,1214.881,1221.459
2006-01-16,1221.11,1221.386,1202.587,1202.869
2006-01-17,1200.255,1209.024,1198.839,1208.438
2006-01-18,1207.525,1234.529,1206.359,1233.35
2006-01-19,1235.083,1251.957,1230.85,1251.576
2006-01-20,1251.409,1258.698,1247.205,1255.308
2006-01-23,1254.777,1257.347,1244.274,1255.774
2006-01-24,1256.005,1262.087,1247.007,1252.062
2006-01-25,1251.269,1260.174,1245.916,1258.046
2006-02-06,1263.003,1287.665,1263.003,1287.626
2006-02-07,1289.453,1297.404,1270.404,1282.096
2006-02-08,1282.121,1291.737,1276.02,1290.055
2006-02-09,1288.966,1288.966,1266.811,1269.454
2006-02-10,1269.536,1284.096,1266.225,1282.656
2006-02-13,1283.776,1284.951,1267.561,1279.64
2006-02-14,1279.627,1286.421,1275.85,1286.327
2006-02-15,1289.138,1300.995,1288.637,1299.166
2006-02-16,1298.497,1298.497,1268.564,1270.633
2006-02-17,1269.4,1280.041,1265.141,1267.408
2006-02-20,1268.107,1279.423,1265.38,1267.542
2006-02-21,1266.645,1288.546,1256.808,1288.419
2006-02-22,1288.853,1297.939,1282.91,1284.226
2006-02-23,1284.13,1289.943,1273.942,1288.847
2006-02-24,1289.434,1297.343,1286.962,1296.866
2006-02-27,1297.687,1304.613,1293.467,1297.186
2006-02-28,1294.807,1299.473,1277.741,1299.03
2006-03-01,1299.154,1308.196,1297.763,1306.586
2006-03-02,1306.585,1307.639,1281.571,1285.666
2006-03-03,1284.606,1295.411,1275.624,1293.297
2006-03-06,1292.747,1296.847,1286.644,1288.955
2006-03-07,1288.255,1288.255,1257.54,1259.916
2006-03-08,1256.685,1258.239,1238.156,1250.384
2006-03-09,1247.462,1253.758,1242.681,1245.166
2006-03-10,1245.188,1253.911,1240.751,1245.653
2006-03-13,1245.3,1260.071,1245.3,1259.674
2006-03-14,1260.422,1262.752,1250.277,1259.044
2006-03-15,1259.231,1275.515,1258.146,1274.812
2006-03-16,1274.615,1277.194,1270.831,1274.19
2006-03-17,1273.01,1276.628,1265.606,1269.462
2006-03-20,1269.581,1288.971,1264.41,1288.418
2006-03-21,1288.555,1297.608,1285.431,1290.395
2006-03-22,1289.461,1296.912,1281.128,1296.706
2006-03-23,1296.194,1302.791,1289.525,1302.457
2006-03-24,1302.141,1308.057,1293.296,1294.704
2006-03-27,1296.066,1296.593,1283.682,1295.915
2006-03-28,1295.76,1302.648,1293.0,1298.791
2006-03-29,1299.383,1313.125,1296.59,1305.567
2006-03-30,1305.843,1308.496,1293.829,1294.718
2006-03-31,1291.518,1298.751,1285.735,1298.295
2006-04-03,1298.684,1319.485,1298.684,1319.471
2006-04-04,1319.837,1330.105,1315.331,1329.798
2006-04-05,1330.561,1341.504,1326.533,1340.162
2006-04-06,1341.736,1348.52,1336.138,1339.737
2006-04-07,1340.646,1345.291,1330.513,1342.965
2006-04-10,1344.239,1359.408,1339.523,1359.081
2006-04-11,1360.978,1366.523,1350.323,1362.229
2006-04-12,1361.741,1364.691,1355.655,1360.132
2006-04-13,1359.278,1364.316,1331.682,1332.33
2006-04-14,1330.095,1360.094,1328.435,1359.538
2006-04-17,1360.644,1383.654,1353.396,1378.614
2006-04-18,1379.813,1391.378,1370.153,1385.114
2006-04-19,1389.134,1399.547,1378.796,1396.702
2006-04-20,1398.098,1404.192,1376.961,1385.9
2006-04-21,1385.923,1419.891,1383.45,1416.793
2006-04-24,1423.409,1429.056,1402.269,1409.786
2006-04-25,1405.898,1409.274,1386.126,1399.767
2006-04-26,1399.068,1426.626,1397.349,1417.477
2006-04-27,1418.903,1424.465,1407.141,1416.732
2006-04-28,1403.523,1444.714,1389.346,1440.223
2006-05-08,1446.992,1497.202,1446.992,1497.104
2006-05-09,1503.239,1532.754,1497.994,1531.161
2006-05-10,1537.561,1554.034,1518.335,1545.687
2006-05-11,1547.556,1583.761,1536.292,1537.377
2006-05-12,1532.878,1603.211,1531.233,1602.832
2006-05-15,1616.259,1664.938,1606.57,1664.088
2006-05-16,1658.692,1678.599,1604.784,1613.251
2006-05-17,1613.23,1640.695,1592.185,1625.146
2006-05-18,1611.657,1630.073,1582.962,1617.281
2006-05-19,1620.213,1664.614,1610.04,1659.545
2006-05-22,1656.754,1674.221,1646.683,1657.689
2006-05-23,1647.962,1648.528,1597.102,1604.552
2006-05-24,1609.742,1634.59,1562.387,1590.924
2006-05-25,1585.466,1598.559,1563.863,1591.425
2006-05-26,1596.565,1614.553,1593.093,1613.894
2006-05-29,1622.108,1648.838,1609.005,1648.538
2006-05-30,1654.98,1663.929,1634.9,1657.288
2006-05-31,1656.284,1667.233,1628.679,1641.3
2006-06-01,1639.673,1684.709,1635.746,1684.195
2006-06-02,1688.782,1695.58,1659.14,1669.399
2006-06-05,1669.236,1685.292,1639.68,1684.624
2006-06-06,1681.22,1692.825,1672.814,1679.126
2006-06-07,1678.238,1678.238,1588.971,1589.545
2006-06-08,1576.435,1596.122,1540.934,1591.49
2006-06-09,1583.956,1594.438,1550.202,1551.384
2006-06-12,1540.216,1566.447,1529.503,1552.798
2006-06-13,1552.098,1570.1,1532.059,1548.495
2006-06-14,1540.635,1540.635,1512.521,1531.327
2006-06-15,1531.247,1551.3,1528.23,1533.98
2006-06-16,1540.187,1574.475,1540.187,1574.467
2006-06-19,1559.985,1591.85,1544.931,1586.286
2006-06-20,1583.871,1592.832,1572.582,1592.332
2006-06-21,1590.607,1617.714,1570.083,1598.116
2006-06-22,1593.097,1605.252,1587.799,1596.066
2006-06-23,1594.495,1608.108,1582.019,1605.711
2006-06-26,1607.786,1635.803,1607.786,1633.449
2006-06-27,1636.703,1642.571,1627.592,1639.551
2006-06-28,1638.23,1642.354,1627.068,1639.286
2006-06-29,1641.928,1672.101,1641.928,1671.618
2006-06-30,1679.724,1690.953,1662.28,1672.211
2006-07-03,1677.311,1697.83,1670.016,1697.282
2006-07-04,1700.323,1702.658,1670.13,1681.547
2006-07-05,1755.222,1757.472,1703.585,1718.555
2006-07-06,1715.279,1742.204,1711.651,1741.47
2006-07-07,1746.521,1750.028,1724.675,1730.19
2006-07-10,1730.698,1737.031,1715.828,1734.329
2006-07-11,1736.986,1746.724,1725.231,1745.806
2006-07-12,1745.878,1753.275,1737.999,1740.0
2006-07-13,1736.207,1737.595,1654.486,1655.773
2006-07-14,1641.138,1676.754,1633.898,1665.208
2006-07-17,1662.047,1684.344,1653.603,1682.887
2006-07-18,1682.36,1684.672,1666.311,1684.252
2006-07-19,1681.771,1681.771,1637.486,1645.16
2006-07-20,1642.624,1658.054,1636.259,1655.122
2006-07-21,1653.811,1669.288,1653.507,1665.328
2006-07-24,1648.749,1667.617,1632.687,1665.944
2006-07-25,1668.138,1690.613,1668.138,1685.461
2006-07-26,1688.538,1691.429,1675.662,1686.654
2006-07-27,1685.347,1701.611,1665.386,1675.168
2006-07-28,1674.43,1678.527,1646.346,1662.031
2006-07-31,1659.535,1659.535,1611.163,1612.733
2006-08-01,1619.635,1625.044,1596.658,1600.614
2006-08-02,1598.758,1608.777,1577.902,1600.872
2006-08-03,1599.746,1609.425,1587.119,1601.058
2006-08-04,1601.608,1612.1,1567.251,1570.15
2006-08-07,1561.801,1570.054,1541.413,1547.436
2006-08-08,1547.905,1581.753,1547.905,1580.577
2006-08-09,1581.803,1585.173,1571.709,1578.566
2006-08-10,1578.354,1606.943,1577.86,1606.065
2006-08-11,1605.597,1610.763,1596.217,1605.926
2006-08-14,1605.202,1611.661,1566.722,1570.738
2006-08-15,1568.267,1596.653,1564.398,1595.657
2006-08-16,1596.056,1616.453,1591.857,1616.41
2006-08-17,1612.412,1612.412,1592.846,1603.332
2006-08-18,1601.567,1614.365,1596.562,1598.018
2006-08-21,1565.457,1602.13,1558.1,1601.15
2006-08-22,1601.523,1619.074,1598.776,1613.355
2006-08-23,1614.393,1621.399,1608.741,1612.396
2006-08-24,1612.699,1623.169,1601.887,1623.017
2006-08-25,1622.481,1630.047,1619.735,1623.034
2006-08-28,1627.123,1651.289,1624.281,1650.438
2006-08-29,1652.672,1667.53,1649.593,1651.024
2006-08-30,1648.348,1656.232,1640.281,1655.195
2006-08-31,1655.903,1661.473,1649.997,1658.638
2006-09-01,1658.66,1660.518,1634.026,1636.691
2006-09-04,1635.332,1657.691,1635.122,1657.52
2006-09-05,1659.737,1669.901,1657.047,1664.078
2006-09-06,1665.13,1672.26,1656.863,1672.121
2006-09-07,1683.782,1683.89,1655.408,1661.19
2006-09-08,1659.702,1671.308,1658.673,1667.984
2006-09-11,1668.161,1675.094,1653.01,1674.966
2006-09-12,1675.198,1699.585,1673.441,1695.862
2006-09-13,1695.351,1713.989,1687.049,1689.389
2006-09-14,1689.631,1696.622,1672.884,1689.692
2006-09-15,1689.605,1722.66,1689.51,1721.045
2006-09-18,1727.915,1733.413,1719.16,1732.987
2006-09-19,1735.301,1743.021,1728.289,1735.241
2006-09-20,1733.637,1737.734,1720.835,1732.453
2006-09-21,1731.585,1743.63,1731.222,1740.901
2006-09-22,1744.605,1746.615,1724.104,1725.361
2006-09-25,1722.744,1732.279,1709.771,1722.366
2006-09-26,1720.781,1721.584,1704.774,1712.637
2006-09-27,1711.514,1725.501,1709.766,1725.039
2006-09-28,1725.515,1740.787,1722.219,1736.963
2006-09-29,1740.059,1755.691,1740.059,1752.424
2006-10-09,1768.144,1786.11,1763.111,1785.385
2006-10-10,1784.22,1793.141,1771.856,1784.862
2006-10-11,1784.518,1792.761,1771.016,1790.104
2006-10-12,1790.631,1792.239,1774.142,1778.181
2006-10-13,1776.511,1792.868,1773.233,1784.656
2006-10-16,1787.7,1789.175,1766.308,1771.299
2006-10-17,1768.628,1777.598,1758.311,1763.901
2006-10-18,1762.404,1787.743,1760.883,1787.185
2006-10-19,1788.582,1799.294,1784.345,1792.253
2006-10-20,1792.6,1801.334,1786.344,1790.364
2006-10-23,1789.645,1797.427,1753.494,1759.394
2006-10-24,1756.457,1805.273,1756.457,1805.181
2006-10-25,1807.03,1825.609,1789.905,1806.646
2006-10-26,1804.893,1816.762,1791.947,1810.646
2006-10-27,1836.214,1842.73,1803.215,1807.175
2006-10-30,1804.367,1815.612,1788.287,1809.656
2006-10-31,1811.469,1839.318,1811.469,1837.993
2006-11-01,1838.68,1855.887,1833.201,1855.713
2006-11-02,1856.921,1857.145,1834.844,1851.314
2006-11-03,1851.404,1873.664,1850.151,1866.362
2006-11-06,1853.186,1886.519,1846.011,1886.307
2006-11-07,1889.534,1897.41,1862.932,1889.53
2006-11-08,1885.855,1886.256,1865.223,1866.817
2006-11-09,1860.954,1899.097,1858.595,1896.482
2006-11-10,1896.929,1920.184,1870.96,1883.347
2006-11-13,1878.704,1905.897,1852.102,1863.765
2006-11-14,1868.173,1888.432,1841.823,1888.239
2006-11-15,1888.539,1923.139,1878.695,1922.935
2006-11-16,1930.926,1976.046,1926.724,1941.547
2006-11-17,1934.637,1972.607,1925.149,1971.793
2006-11-20,1977.529,2018.004,1977.529,2017.279
2006-11-21,2013.067,2037.738,1988.926,2037.552
2006-11-22,2031.297,2062.804,2010.792,2041.355
2006-11-23,2045.081,2071.235,2042.151,2062.363
2006-11-24,2051.471,2057.911,2022.625,2050.812
2006-11-27,2042.193,2049.539,2022.378,2047.277
2006-11-28,2042.379,2051.49,2016.473,2038.721
2006-11-29,2005.987,2059.728,1992.538,2054.091
2006-11-30,2058.77,2102.057,2058.77,2099.289
2006-12-01,2106.295,2112.576,2087.601,2102.049
2006-12-04,2103.817,2164.585,2100.559,2161.648
2006-12-05,2167.363,2195.529,2159.323,2173.285
2006-12-06,2175.379,2192.899,2097.417,2156.604
2006-12-07,2152.594,2206.512,2145.788,2156.75
2006-12-08,2133.355,2164.021,2090.403,2093.638
2006-12-11,2085.058,2181.164,2084.267,2180.496
2006-12-12,2189.694,2228.643,2180.37,2218.951
2006-12-13,2224.429,2244.407,2195.639,2223.455
2006-12-14,2226.001,2250.321,2212.905,2249.11
2006-12-15,2255.24,2275.49,2241.199,2273.908
2006-12-18,2277.282,2335.234,2277.282,2332.434
2006-12-19,2342.18,2381.634,2315.985,2364.177
2006-12-20,2356.262,2381.132,2332.927,2373.205
2006-12-21,2372.464,2386.824,2339.909,2342.938
2006-12-22,2334.273,2366.694,2321.922,2343.668
2006-12-25,2350.128,2452.429,2350.128,2435.762
2006-12-26,2437.854,2505.697,2424.936,2479.732
2006-12-27,2478.063,2538.663,2461.071,2536.387
2006-12-28,2538.952,2611.791,2530.331,2567.594
2006-12-29,2585.417,2698.904,2585.417,2675.474
2007-01-04,2728.188,2847.615,2684.818,2715.719
2007-01-05,2668.577,2685.804,2617.019,2641.334
2007-01-08,2621.068,2708.444,2620.625,2707.199
2007-01-09,2711.049,2809.394,2691.36,2807.804
2007-01-10,2838.113,2841.741,2770.988,2825.576
2007-01-11,2819.367,2841.18,2763.886,2770.11
2007-01-12,2745.321,2782.025,2652.578,2668.11
2007-01-15,2660.07,2795.331,2658.879,2794.701
2007-01-16,2818.663,2830.803,2757.205,2821.017
2007-01-17,2828.401,2870.422,2742.588,2778.9
2007-01-18,2760.944,2784.043,2679.705,2756.983
2007-01-19,2761.886,2833.454,2761.886,2832.207
2007-01-22,2857.896,2934.647,2857.896,2933.19
2007-01-23,2964.687,2970.685,2851.919,2949.144
2007-01-24,2955.424,2994.282,2927.721,2975.129
2007-01-25,2946.504,2947.149,2853.822,2857.365
2007-01-26,2805.956,2905.984,2720.827,2882.558
2007-01-29,2897.254,2954.336,2885.861,2945.263
2007-01-30,2959.398,2980.51,2901.762,2930.562
2007-01-31,2926.075,2929.646,2766.747,2786.335
2007-02-01,2744.814,2801.689,2706.291,2785.432
2007-02-02,2791.49,2796.436,2666.862,2673.212
2007-02-05,2658.074,2672.352,2610.331,2612.537
2007-02-06,2612.839,2677.042,2541.525,2675.697
2007-02-07,2688.96,2745.387,2681.329,2716.175
2007-02-08,2725.14,2751.162,2691.268,2737.732
2007-02-09,2741.48,2747.944,2704.365,2730.386
2007-02-12,2729.836,2807.51,2728.783,2807.174
2007-02-13,2819.138,2835.089,2801.313,2831.872
2007-02-14,2836.819,2915.063,2823.382,2905.093
2007-02-15,2923.666,2994.622,2923.666,2993.008
2007-02-16,3018.18,3036.346,2975.827,2998.474
2007-02-26,2999.086,3041.336,2960.745,3040.599
2007-02-27,3048.829,3049.771,2763.395,2771.791
2007-02-28,2734.595,2888.899,2732.884,2881.073
2007-03-01,2877.203,2878.355,2760.912,2797.19
2007-03-02,2792.941,2846.158,2777.796,2831.526
2007-03-05,2827.675,2858.441,2723.065,2785.306
2007-03-06,2776.167,2866.332,2756.961,2840.175
2007-03-07,2851.747,2911.416,2849.648,2896.594
2007-03-08,2904.185,2928.803,2871.464,2928.015
2007-03-09,2934.493,2962.421,2891.814,2937.91
2007-03-12,2945.923,2958.632,2904.744,2954.914
2007-03-13,2958.096,2966.194,2932.234,2964.794
2007-03-14,2933.679,2934.454,2868.807,2906.334
2007-03-15,2905.976,2955.462,2905.976,2951.698
2007-03-16,2964.094,2979.708,2899.032,2930.481
2007-03-19,2864.256,3037.999,2852.858,3014.442
2007-03-20,3024.781,3033.02,2998.804,3032.195
2007-03-21,3042.098,3057.71,3020.949,3057.38
2007-03-22,3080.602,3099.819,3059.381,3071.225
2007-03-23,3071.808,3085.324,3008.154,3074.286
2007-03-26,3083.938,3123.179,3069.473,3122.811
2007-03-27,3126.025,3145.044,3103.779,3138.826
2007-03-28,3140.68,3180.332,3052.078,3173.018
2007-03-29,3179.803,3273.727,3176.526,3197.537
2007-03-30,3178.496,3212.389,3157.03,3183.983
2007-04-02,3196.587,3253.435,3196.587,3252.595
2007-04-03,3265.676,3292.578,3251.523,3291.299
2007-04-04,3295.976,3308.148,3266.559,3291.542
2007-04-05,3286.163,3326.916,3259.626,3319.14
2007-04-06,3287.684,3334.224,3273.855,3323.585
2007-04-09,3333.422,3399.515,3333.262,3398.95
2007-04-10,3405.233,3444.374,3351.105,3444.291
2007-04-11,3454.417,3497.52,3428.782,3495.224
2007-04-12,3503.227,3532.862,3488.077,3531.029
2007-04-13,3537.22,3563.856,3504.161,3518.267
2007-04-16,3523.217,3597.215,3523.217,3596.441
2007-04-17,3611.63,3622.888,3510.498,3611.87
2007-04-18,3614.678,3623.867,3564.23,3612.396
2007-04-19,3610.024,3617.438,3358.93,3449.016
2007-04-20,3460.904,3591.461,3460.904,3584.204
2007-04-23,3615.789,3710.886,3615.789,3710.886
2007-04-24,3736.154,3762.388,3689.134,3720.532
2007-04-25,3708.571,3769.247,3653.989,3743.959
2007-04-26,3766.476,3784.68,3732.601,3783.063
2007-04-27,3788.748,3802.923,3720.596,3759.867
2007-04-30,3784.272,3851.35,3759.48,3841.272
2007-05-08,3937.938,3964.714,3901.326,3950.011
2007-05-09,3961.103,4015.219,3875.384,4013.085
2007-05-10,4021.422,4072.138,3991.477,4049.701
2007-05-11,4024.422,4039.668,3949.368,4021.678
2007-05-14,3970.661,4081.426,3940.358,4046.392
2007-05-15,4055.834,4069.846,3891.363,3899.178
2007-05-16,3890.809,3987.405,3845.227,3986.043
2007-05-17,4002.485,4064.283,3982.995,4048.293
2007-05-18,4041.39,4052.097,3999.165,4030.258
2007-05-21,3902.347,4083.416,3892.975,4072.225
2007-05-22,4091.143,4136.63,4086.825,4110.379
2007-05-23,4125.426,4175.444,4093.915,4173.709
2007-05-24,4188.677,4208.388,4089.385,4151.133
2007-05-25,4133.192,4190.469,4111.262,4179.776
2007-05-28,4221.578,4283.93,4215.243,4272.111
2007-05-29,4288.98,4335.963,4262.024,4334.924
2007-05-30,4087.405,4275.237,4015.512,4053.088
2007-05-31,4006.28,4178.107,3858.04,4109.654
2007-06-01,4120.628,4181.28,3966.977,4000.742
2007-06-04,3981.817,3987.269,3659.089,3670.401
2007-06-05,3564.433,3768.563,3404.146,3767.101
2007-06-06,3781.375,3821.697,3682.794,3776.317
2007-06-07,3787.702,3891.403,3779.5,3890.803
2007-06-08,3900.027,3935.786,3852.045,3913.135
2007-06-11,3942.005,4000.416,3930.74,3995.68
2007-06-12,4011.679,4073.181,3910.001,4072.138
2007-06-13,4110.742,4193.446,4102.041,4176.48
2007-06-14,4162.207,4179.725,4085.785,4115.209
2007-06-15,4085.656,4152.543,4067.357,4132.869
2007-06-18,4195.391,4267.74,4193.314,4253.348
2007-06-19,4247.745,4280.85,4209.575,4269.524
2007-06-20,4269.455,4311.997,4164.275,4181.323
2007-06-21,4170.894,4256.542,4147.054,4230.823
2007-06-22,4230.967,4249.431,4024.489,4091.445
2007-06-25,4102.787,4131.13,3912.422,3941.081
2007-06-26,3863.248,3976.191,3818.853,3973.371
2007-06-27,3985.716,4090.715,3948.287,4078.599
2007-06-28,4080.194,4113.283,3912.814,3914.204
2007-06-29,3824.29,3919.345,3779.813,3820.703
2007-07-02,3800.233,3859.861,3724.187,3836.294
2007-07-03,3854.716,3906.761,3821.463,3899.724
2007-07-04,3906.012,3916.475,3800.275,3816.165
2007-07-05,3769.639,3778.399,3614.531,3615.872
2007-07-06,3599.818,3785.346,3563.544,3781.348
2007-07-09,3809.67,3900.904,3782.733,3883.216
2007-07-10,3895.909,3929.416,3841.801,3853.021
2007-07-11,3837.796,3879.292,3812.138,3865.723
2007-07-12,3874.039,3925.604,3861.037,3915.991
2007-07-13,3920.827,3935.506,3878.184,3914.395
2007-07-16,3920.653,3931.868,3820.574,3821.916
2007-07-17,3809.558,3919.777,3767.222,3896.191
2007-07-18,3880.852,3971.61,3861.907,3930.06
2007-07-19,3918.539,3947.33,3887.589,3912.941
2007-07-20,3918.409,4062.116,3918.409,4058.853
2007-07-23,4091.242,4220.322,4091.242,4213.361
2007-07-24,4238.32,4284.829,4192.72,4210.329
2007-07-25,4212.95,4325.378,4212.23,4323.966
2007-07-26,4347.778,4371.512,4304.193,4346.458
2007-07-27,4315.373,4357.343,4268.788,4345.357
2007-07-30,4348.607,4450.188,4345.793,4440.769
2007-07-31,4432.265,4476.626,4379.199,4471.032
2007-08-01,4488.774,4502.296,4284.871,4300.563
2007-08-02,4316.567,4431.85,4290.809,4407.73
2007-08-03,4440.976,4562.688,4438.963,4560.774
2007-08-06,4600.118,4629.968,4564.313,4628.108
2007-08-07,4642.01,4687.435,4581.294,4651.225
2007-08-08,4614.586,4711.316,4568.695,4663.162
2007-08-09,4658.592,4768.886,4658.592,4754.095
2007-08-10,4745.181,4769.619,4640.766,4749.369
2007-08-13,4768.619,4872.548,4728.892,4820.064
2007-08-14,4820.15,4876.851,4789.895,4872.785
2007-08-15,4875.511,4916.31,4762.718,4869.883
2007-08-16,4845.016,4845.016,4710.31,4765.448
2007-08-17,4733.137,4814.369,4646.433,4656.574
2007-08-20,4773.832,4906.003,4758.397,4904.855
2007-08-21,4944.214,4982.981,4917.821,4955.207
2007-08-22,4876.345,4999.195,4861.271,4980.075
2007-08-23,5002.841,5050.383,4968.327,5032.494
2007-08-24,5070.651,5125.359,5052.241,5107.668
2007-08-27,5144.824,5192.061,5092.076,5150.118
2007-08-28,5134.141,5209.507,5058.446,5194.689
2007-08-29,5147.713,5204.526,5063.412,5109.427
2007-08-30,5144.111,5186.526,5109.662,5167.884
2007-08-31,5184.091,5235.157,5158.368,5218.825
2007-09-03,5257.777,5327.538,5257.777,5321.055
2007-09-04,5333.4,5357.926,5264.996,5294.045
2007-09-05,5296.07,5337.929,5223.67,5310.716
2007-09-06,5336.669,5412.319,5314.337,5393.66
2007-09-07,5381.186,5405.358,5269.25,5277.176
2007-09-10,5208.318,5356.856,5169.905,5355.287
2007-09-11,5362.941,5395.038,5093.923,5113.968
2007-09-12,5092.576,5192.302,5025.336,5172.627
2007-09-13,5193.409,5276.771,5178.871,5273.592
2007-09-14,5290.256,5324.439,5201.854,5312.182
2007-09-17,5309.057,5427.171,5307.774,5421.392
2007-09-18,5446.732,5458.578,5339.917,5425.208
2007-09-19,5439.018,5447.36,5336.07,5395.265
2007-09-20,5408.484,5482.425,5396.109,5470.065
2007-09-21,5482.507,5489.074,5363.347,5454.674
2007-09-24,5469.837,5506.064,5404.419,5485.013
2007-09-25,5500.269,5509.234,5396.482,5425.88
2007-09-26,5407.829,5463.899,5320.02,5338.52
2007-09-27,5338.108,5411.189,5306.823,5409.403
2007-09-28,5461.58,5560.417,5461.58,5552.301
2007-10-08,5683.31,5729.963,5620.0,5692.755
2007-10-09,5678.913,5725.407,5628.35,5715.892
2007-10-10,5742.648,5860.859,5727.238,5771.464
2007-10-11,5798.386,5914.772,5755.99,5913.23
2007-10-12,5950.902,5959.364,5658.812,5903.264
2007-10-15,5934.775,6039.042,5866.131,6030.086
2007-10-16,6056.946,6124.044,6040.713,6092.057
2007-10-17,6057.428,6088.892,5982.203,6036.281
2007-10-18,6031.916,6055.473,5804.973,5825.282
2007-10-19,5869.124,5932.11,5766.861,5818.047
2007-10-22,5742.791,5804.836,5654.907,5667.332
2007-10-23,5660.066,5776.016,5574.84,5773.387
2007-10-24,5804.015,5906.695,5793.557,5843.109
2007-10-25,5794.223,5819.884,5546.041,5562.394
2007-10-26,5498.858,5628.834,5462.013,5589.631
2007-10-29,5641.983,5750.254,5617.976,5747.997
2007-10-30,5769.203,5899.65,5701.337,5897.193
2007-10-31,5984.713,6002.118,5871.48,5954.765
2007-11-01,5978.939,6005.131,5912.502,5914.285
2007-11-02,5812.465,5860.594,5740.403,5777.809
2007-11-05,5748.176,5787.228,5603.47,5634.452
2007-11-06,5593.347,5649.752,5510.161,5536.569
2007-11-07,5565.648,5610.953,5469.761,5601.783
2007-11-08,5559.151,5559.151,5328.201,5330.023
2007-11-09,5276.008,5382.697,5217.629,5315.54
2007-11-12,5181.175,5250.085,5032.578,5187.735
2007-11-13,5239.343,5311.698,5085.444,5158.118
2007-11-14,5246.574,5414.609,5165.063,5412.694
2007-11-15,5391.017,5453.74,5338.905,5365.267
2007-11-16,5273.082,5335.513,5224.313,5316.274
2007-11-19,5325.302,5333.088,5240.424,5269.817
2007-11-20,5230.742,5338.173,5158.542,5293.703
2007-11-21,5307.793,5344.93,5206.574,5214.225
2007-11-22,5113.882,5154.858,4969.894,4984.161
2007-11-23,4946.258,5034.225,4896.988,5032.13
2007-11-26,5102.526,5124.888,4952.429,4958.849
2007-11-27,4919.913,4947.076,4857.038,4861.111
2007-11-28,4870.842,4907.756,4778.727,4803.394
2007-11-29,4870.861,5011.194,4814.783,5003.333
2007-11-30,4993.74,4993.74,4861.864,4871.778
2007-12-03,4838.564,4899.667,4798.014,4868.611
2007-12-04,4882.149,4971.404,4882.149,4915.889
2007-12-05,4917.365,5052.748,4893.323,5042.654
2007-12-06,5055.835,5065.51,4995.472,5035.073
2007-12-07,5038.478,5096.799,5021.366,5091.756
2007-12-10,5010.826,5168.764,4990.718,5161.919
2007-12-11,5180.541,5209.705,5103.747,5175.076
2007-12-12,5148.254,5149.931,5054.565,5095.543
2007-12-13,5078.182,5095.152,4954.357,4958.043
2007-12-14,4899.75,5011.201,4860.156,5007.911
2007-12-17,5007.285,5007.346,4874.624,4876.761
2007-12-18,4856.471,4905.492,4812.156,4836.174
2007-12-19,4878.066,4960.417,4868.354,4941.784
2007-12-20,4965.29,5050.785,4923.295,5043.535
2007-12-21,5017.195,5112.388,5013.759,5101.779
2007-12-24,5132.913,5284.34,5104.645,5234.262
2007-12-25,5233.175,5254.405,5178.801,5201.181
2007-12-26,5209.035,5262.592,5158.756,5233.351
2007-12-27,5248.222,5316.523,5203.502,5308.889
2007-12-28,5320.007,5336.499,5248.692,5261.563
2008-01-02,5265.0,5295.016,5201.892,5272.814
2008-01-03,5269.801,5321.457,5211.046,5319.861
2008-01-04,5328.411,5372.461,5318.461,5361.574
2008-01-07,5357.45,5403.349,5332.597,5393.343
2008-01-08,5414.558,5480.07,5344.648,5386.531
2008-01-09,5365.222,5437.764,5346.846,5435.807
2008-01-10,5449.16,5483.827,5407.307,5456.541
2008-01-11,5471.387,5500.061,5423.807,5484.677
2008-01-14,5507.578,5522.778,5456.929,5497.901
2008-01-15,5503.931,5505.035,5405.595,5443.791
2008-01-16,5395.277,5396.044,5288.765,5290.606
2008-01-17,5235.908,5312.287,5039.786,5151.626
2008-01-18,5141.371,5187.605,5093.134,5180.514
2008-01-21,5188.795,5200.926,4891.285,4914.435
2008-01-22,4817.997,4817.997,4511.953,4559.751
2008-01-23,4572.902,4705.073,4510.504,4703.047
2008-01-24,4753.445,4767.799,4625.46,4717.734
2008-01-25,4716.977,4806.889,4657.709,4761.688
2008-01-28,4720.564,4720.564,4409.079,4419.294
2008-01-29,4426.267,4517.601,4389.517,4457.944
2008-01-30,4505.635,4554.343,4330.697,4417.849
2008-01-31,4408.024,4487.318,4368.296,4383.393
2008-02-01,4388.254,4411.704,4195.753,4320.767
2008-02-04,4415.023,4672.214,4415.023,4672.17
2008-02-05,4622.539,4662.971,4550.429,4599.696
2008-02-13,4525.026,4547.539,4454.642,4490.721
2008-02-14,4527.054,4576.983,4507.943,4552.316
2008-02-15,4523.792,4523.792,4431.463,4497.127
2008-02-18,4546.752,4601.224,4517.596,4568.151
2008-02-19,4582.284,4665.554,4544.944,4664.295
2008-02-20,4682.588,4695.802,4556.814,4567.026
2008-02-21,4534.169,4568.208,4452.675,4527.177
2008-02-22,4500.385,4500.385,4333.033,4370.285
2008-02-25,4370.188,4391.333,4182.774,4192.533
2008-02-26,4302.735,4331.64,4123.305,4238.179
2008-02-27,4256.532,4360.7,4222.459,4334.047
2008-02-28,4343.277,4344.926,4265.498,4299.513
2008-02-29,4293.533,4364.814,4275.899,4348.543
2008-03-03,4323.698,4456.963,4279.345,4438.265
2008-03-04,4454.18,4472.151,4321.266,4335.446
2008-03-05,4316.25,4352.822,4210.963,4292.654
2008-03-06,4310.354,4427.498,4260.787,4360.986
2008-03-07,4315.808,4341.295,4265.829,4300.515
2008-03-10,4265.611,4265.611,4120.53,4146.299
2008-03-11,4121.653,4165.915,4063.47,4165.878
2008-03-12,4254.673,4272.979,4068.781,4070.116
2008-03-13,4033.319,4055.446,3902.248,3971.257
2008-03-14,3956.746,4000.78,3891.7,3962.673
2008-03-17,3941.258,3941.258,3812.999,3820.048
2008-03-18,3789.565,3862.772,3607.25,3668.897
2008-03-19,3746.047,3813.885,3677.817,3761.605
2008-03-20,3721.504,3857.62,3516.33,3804.054
2008-03-21,3790.111,3838.058,3746.395,3796.576
2008-03-24,3830.346,3840.479,3624.936,3626.188
2008-03-25,3559.942,3659.21,3521.528,3629.619
2008-03-26,3644.13,3698.325,3591.108,3606.857
2008-03-27,3541.276,3541.276,3407.896,3411.493
2008-03-28,3378.628,3590.753,3357.229,3580.146
2008-03-31,3465.908,3555.824,3445.556,3472.713
2008-04-01,3461.085,3493.133,3308.902,3329.162
2008-04-02,3370.604,3464.531,3283.64,3347.882
2008-04-03,3323.426,3456.948,3271.29,3446.244
2008-04-07,3418.516,3613.48,3386.512,3599.618
2008-04-08,3604.263,3656.961,3563.85,3612.539
2008-04-09,3585.847,3606.887,3413.072,3413.907
2008-04-10,3378.139,3474.312,3344.87,3471.743
2008-04-11,3498.555,3517.818,3462.136,3492.893
2008-04-14,3419.047,3427.884,3285.298,3296.672
2008-04-15,3282.572,3349.76,3212.15,3348.353
2008-04-16,3349.931,3363.216,3283.078,3291.599
2008-04-17,3286.414,3352.951,3180.199,3222.741
2008-04-18,3200.57,3203.71,3078.174,3094.668
2008-04-21,3305.152,3305.168,3073.563,3116.977
2008-04-22,3076.715,3148.731,2990.788,3147.793
2008-04-23,3116.412,3296.717,3089.893,3278.33
2008-04-24,3539.868,3593.197,3461.643,3583.028
2008-04-25,3572.547,3658.551,3527.838,3557.749
2008-04-28,3497.383,3530.905,3460.255,3474.722
2008-04-29,3457.351,3544.229,3453.279,3523.405
2008-04-30,3545.573,3705.093,3543.019,3693.106
2008-05-05,3739.797,3768.216,3696.697,3761.009
2008-05-06,3735.849,3786.024,3680.99,3733.503
2008-05-07,3716.446,3774.066,3577.991,3579.147
2008-05-08,3538.916,3658.047,3523.025,3656.839
2008-05-09,3682.955,3693.16,3552.473,3613.494
2008-05-12,3548.614,3668.857,3521.878,3626.982
2008-05-13,3515.711,3615.06,3508.32,3560.243
2008-05-14,3549.668,3661.971,3549.668,3657.432
2008-05-15,3676.839,3706.722,3636.224,3637.324
2008-05-16,3637.636,3661.071,3582.5,3624.233
2008-05-19,3615.594,3624.844,3563.609,3604.761
2008-05-20,3601.549,3632.006,3432.382,3443.162
2008-05-21,3414.344,3560.528,3355.084,3544.186
2008-05-22,3493.067,3558.019,3469.792,3485.63
2008-05-23,3473.801,3521.393,3435.841,3473.091
2008-05-26,3442.291,3443.988,3361.985,3364.544
2008-05-27,3355.114,3383.679,3333.951,3375.407
2008-05-28,3382.774,3486.332,3354.254,3459.026
2008-05-29,3447.768,3481.734,3400.773,3401.437
2008-05-30,3414.254,3450.493,3390.883,3433.354
2008-06-02,3426.195,3483.61,3400.723,3459.044
2008-06-03,3456.58,3469.063,3409.226,3436.398
2008-06-04,3424.037,3428.467,3341.739,3369.913
2008-06-05,3355.928,3376.341,3326.537,3351.645
2008-06-06,3362.005,3371.283,3312.721,3329.67
2008-06-10,3202.113,3215.501,3045.058,3072.333
2008-06-11,3042.158,3064.2,2992.351,3024.24
2008-06-12,3011.558,3031.064,2900.116,2957.532
2008-06-13,2960.905,2976.45,2865.5,2868.8
2008-06-16,2876.294,2917.81,2811.716,2874.103
2008-06-17,2873.129,2893.471,2769.118,2794.751
2008-06-18,2772.367,2945.422,2729.711,2941.115
2008-06-19,2921.721,2921.721,2742.151,2748.874
2008-06-20,2811.084,2917.325,2695.628,2831.736
2008-06-23,2780.148,2813.137,2741.19,2760.417
2008-06-24,2747.322,2817.168,2728.83,2803.019
2008-06-25,2794.04,2910.481,2784.416,2905.014
2008-06-26,2904.094,2931.306,2851.116,2901.85
2008-06-27,2809.309,2822.264,2723.158,2748.432
2008-06-30,2724.404,2766.803,2693.404,2736.103
2008-07-01,2743.164,2753.33,2644.776,2651.605
2008-07-02,2656.038,2700.903,2627.898,2651.725
2008-07-03,2610.815,2746.369,2566.528,2703.529
2008-07-04,2691.207,2713.476,2645.829,2669.892
2008-07-07,2673.55,2801.534,2673.55,2792.397
2008-07-08,2805.608,2843.603,2754.616,2814.947
2008-07-09,2838.863,2920.546,2838.863,2920.546
2008-07-10,2879.624,2952.039,2862.059,2875.45
2008-07-11,2863.813,2888.287,2821.311,2856.634
2008-07-14,2837.495,2895.302,2828.236,2878.256
2008-07-15,2886.112,2896.328,2769.914,2779.448
2008-07-16,2753.898,2765.148,2656.613,2705.867
2008-07-17,2747.951,2773.281,2676.149,2684.778
2008-07-18,2711.742,2785.53,2665.907,2778.367
2008-07-21,2759.883,2865.065,2745.642,2861.418
2008-07-22,2852.442,2868.621,2830.765,2846.117
2008-07-23,2870.934,2887.576,2831.111,2837.849
2008-07-24,2861.81,2912.702,2849.097,2910.292
2008-07-25,2875.77,2888.578,2851.929,2865.101
2008-07-28,2883.761,2924.447,2883.761,2903.012
2008-07-29,2868.008,2868.008,2827.697,2850.311
2008-07-30,2884.586,2894.369,2822.188,2836.668
2008-07-31,2844.651,2847.996,2774.104,2775.717
2008-08-01,2751.02,2830.764,2721.952,2801.817
2008-08-04,2782.985,2793.257,2738.85,2741.74
2008-08-05,2751.2,2762.263,2684.734,2690.746
2008-08-06,2711.602,2743.113,2678.862,2719.368
2008-08-07,2717.502,2742.705,2691.355,2727.577
2008-08-08,2724.43,2725.931,2595.917,2605.719
2008-08-11,2595.895,2601.502,2453.707,2470.074
2008-08-12,2445.216,2484.746,2430.849,2457.198
2008-08-13,2440.525,2458.769,2370.737,2446.297
2008-08-14,2432.197,2454.251,2409.01,2437.082
2008-08-15,2434.408,2476.858,2414.573,2450.61
2008-08-18,2451.778,2455.504,2318.926,2319.868
2008-08-19,2297.245,2355.929,2284.585,2344.469
2008-08-20,2332.484,2523.469,2306.662,2523.282
2008-08-21,2484.485,2518.443,2431.046,2431.716
2008-08-22,2414.459,2426.707,2362.093,2405.226
2008-08-25,2408.095,2443.99,2382.291,2413.374
2008-08-26,2384.946,2403.016,2327.22,2350.084
2008-08-27,2343.882,2385.991,2310.455,2342.147
2008-08-28,2341.956,2374.246,2333.03,2350.143
2008-08-29,2361.046,2420.848,2352.099,2397.369
2008-09-01,2380.468,2380.468,2311.727,2325.135
2008-09-02,2312.102,2329.009,2284.92,2304.891
2008-09-03,2301.941,2321.535,2248.067,2276.672
2008-09-04,2270.524,2295.355,2249.12,2277.411
2008-09-05,2224.527,2238.324,2199.365,2202.446
2008-09-08,2210.344,2220.546,2135.375,2143.421
2008-09-09,2152.277,2161.35,2114.503,2145.779
2008-09-10,2131.8,2185.694,2102.906,2150.759
2008-09-11,2143.4,2148.124,2070.427,2078.981
2008-09-12,2077.55,2104.626,2064.29,2079.673
2008-09-16,2049.813,2049.813,1974.388,1986.636
2008-09-17,1971.944,1999.953,1922.68,1929.047
2008-09-18,1876.122,1942.846,1802.331,1895.837
2008-09-19,2067.643,2075.091,2043.316,2075.091
2008-09-22,2241.723,2269.733,2164.798,2236.41
2008-09-23,2209.122,2253.395,2181.96,2201.51
2008-09-24,2133.098,2218.291,2116.96,2216.811
2008-09-25,2214.584,2333.277,2211.45,2297.501
2008-09-26,2304.119,2310.445,2246.279,2293.784
2008-10-06,2267.394,2267.394,2172.569,2173.738
2008-10-07,2101.093,2182.998,2072.896,2157.839
2008-10-08,2095.911,2127.085,2059.086,2092.224
2008-10-09,2125.567,2130.87,2063.408,2074.583
2008-10-10,1995.957,2027.831,1963.183,2000.572
2008-10-13,1978.56,2074.468,1931.472,2073.568
2008-10-14,2139.065,2146.73,2016.184,2017.321
2008-10-15,1995.885,2013.491,1963.103,1994.667
2008-10-16,1916.133,1943.32,1901.503,1909.941
2008-10-17,1921.842,1941.299,1902.598,1930.651
2008-10-20,1924.177,1979.839,1890.92,1974.006
2008-10-21,1978.674,1996.658,1956.11,1958.529
2008-10-22,1932.677,1950.791,1894.31,1895.822
2008-10-23,1851.259,1879.849,1828.308,1875.561
2008-10-24,1875.631,1888.101,1825.526,1839.621
2008-10-27,1809.225,1809.225,1721.604,1723.351
2008-10-28,1671.396,1786.435,1664.925,1771.821
2008-10-29,1786.2,1795.087,1719.335,1719.812
2008-10-30,1732.772,1788.204,1710.726,1763.607
2008-10-31,1754.206,1765.679,1721.59,1728.786
2008-11-03,1713.763,1750.319,1702.981,1719.774
2008-11-04,1707.925,1717.101,1678.957,1706.703
2008-11-05,1716.219,1788.258,1716.219,1760.609
2008-11-06,1720.421,1728.219,1703.099,1717.722
2008-11-07,1686.524,1762.233,1680.602,1747.713
2008-11-10,1782.305,1876.162,1782.305,1874.801
2008-11-11,1872.067,1887.795,1840.916,1843.607
2008-11-12,1820.439,1863.896,1815.076,1859.11
2008-11-13,1837.274,1942.897,1825.883,1927.613
2008-11-14,1943.964,1987.261,1921.836,1986.438
2008-11-17,1981.264,2031.103,1963.854,2030.485
2008-11-18,2020.986,2050.879,1889.865,1902.43
2008-11-19,1889.351,2023.911,1883.835,2017.474
2008-11-20,1977.208,2030.868,1956.734,1983.76
2008-11-21,1932.596,2013.179,1893.147,1969.389
2008-11-24,1961.206,1974.47,1893.343,1897.06
2008-11-25,1925.248,1939.369,1858.165,1888.715
2008-11-26,1890.333,1914.708,1873.179,1897.884
2008-11-27,2012.686,2022.483,1916.466,1917.861
2008-11-28,1901.675,1915.274,1856.286,1871.156
2008-12-01,1865.743,1895.756,1838.1,1894.615
2008-12-02,1856.97,1907.775,1846.533,1889.638
2008-12-03,1903.429,1965.83,1902.94,1965.414
2008-12-04,1992.72,2055.207,1985.198,2001.504
2008-12-05,1984.258,2019.748,1975.711,2018.656
2008-12-08,2049.162,2091.284,2038.189,2090.773
2008-12-09,2100.772,2100.806,2036.889,2037.74
2008-12-10,2025.027,2079.552,2005.558,2079.117
2008-12-11,2072.577,2087.196,2028.726,2031.681
2008-12-12,2014.58,2023.177,1932.272,1954.215
2008-12-15,1977.028,1989.303,1936.561,1964.374
2008-12-16,1948.859,1976.719,1907.826,1975.006
2008-12-17,1983.836,2003.375,1971.816,1976.819
2008-12-18,1978.974,2016.569,1958.975,2015.694
2008-12-19,2006.208,2038.657,1997.12,2018.463
2008-12-22,2016.454,2016.454,1965.354,1987.755
2008-12-23,1990.049,1990.049,1895.178,1897.225
2008-12-24,1873.577,1887.314,1850.855,1863.8
2008-12-25,1865.721,1877.768,1832.355,1852.419
2008-12-26,1852.911,1866.63,1840.191,1851.518
2008-12-29,1846.304,1856.334,1815.407,1850.48
2008-12-30,1851.909,1862.937,1826.98,1832.91
2008-12-31,1834.949,1844.367,1814.752,1820.805
2009-01-05,1849.02,1880.716,1844.094,1880.716
2009-01-06,1878.827,1938.69,1871.971,1937.145
2009-01-07,1938.974,1948.233,1920.515,1924.012
2009-01-08,1890.242,1894.171,1862.263,1878.181
2009-01-09,1875.164,1909.349,1875.164,1904.861
2009-01-12,1897.703,1924.441,1886.833,1900.347
2009-01-13,1880.868,1888.309,1861.811,1863.367
2009-01-14,1862.31,1929.276,1862.309,1928.869
2009-01-15,1912.772,1937.728,1902.542,1920.206
2009-01-16,1928.922,1984.728,1928.922,1954.438
2009-01-19,1971.0,2018.51,1966.188,1986.672
2009-01-20,1981.147,1994.809,1956.102,1994.107
2009-01-21,1965.944,2007.911,1960.529,1985.016
2009-01-22,1996.086,2009.851,1980.438,2004.951
2009-01-23,2001.172,2008.788,1986.348,1990.657
2009-02-02,2008.134,2012.742,1987.129,2011.683
2009-02-03,2011.77,2060.925,2005.022,2060.808
2009-02-04,2068.086,2108.257,2067.786,2107.749
2009-02-05,2106.835,2149.476,2082.596,2098.018
2009-02-06,2102.078,2185.086,2102.078,2181.239
2009-02-09,2211.317,2238.894,2196.708,2224.714
2009-02-10,2218.489,2266.398,2197.007,2265.161
2009-02-11,2230.49,2305.705,2218.297,2260.82
2009-02-12,2265.789,2274.201,2191.887,2248.091
2009-02-13,2249.185,2323.12,2236.178,2320.792
2009-02-16,2338.758,2389.878,2328.179,2389.387
2009-02-17,2387.354,2402.807,2316.934,2319.441
2009-02-18,2271.26,2295.741,2206.062,2209.862
2009-02-19,2224.49,2247.616,2190.473,2227.125
2009-02-20,2234.365,2262.332,2206.211,2261.478
2009-02-23,2249.289,2313.594,2219.714,2305.777
2009-02-24,2273.755,2295.59,2193.268,2200.654
2009-02-25,2222.506,2234.018,2142.601,2206.574
2009-02-26,2201.672,2237.547,2102.346,2121.251
2009-02-27,2100.063,2123.244,2064.918,2082.852
2009-03-02,2066.229,2102.112,2052.992,2093.447
2009-03-03,2047.213,2088.628,2037.024,2071.431
2009-03-04,2076.616,2201.727,2076.616,2198.107
2009-03-05,2220.15,2241.761,2173.491,2221.076
2009-03-06,2180.788,2221.04,2171.668,2193.007
2009-03-09,2205.746,2232.674,2116.453,2118.748
2009-03-10,2097.139,2159.268,2088.162,2158.568
2009-03-11,2199.983,2203.534,2133.141,2139.025
2009-03-12,2127.726,2136.795,2086.018,2133.881
2009-03-13,2148.418,2166.022,2124.979,2128.848
2009-03-16,2122.408,2158.9,2108.612,2153.291
2009-03-17,2156.774,2225.192,2151.776,2218.326
2009-03-18,2227.981,2255.009,2221.588,2223.725
2009-03-19,2227.344,2268.144,2220.164,2265.759
2009-03-20,2272.437,2294.117,2250.405,2281.087
2009-03-23,2286.246,2329.183,2276.81,2325.48
2009-03-24,2359.679,2369.454,2327.43,2338.42
2009-03-25,2333.163,2355.69,2291.417,2291.555
2009-03-26,2296.047,2362.048,2274.895,2361.704
2009-03-27,2380.626,2392.769,2361.091,2374.438
2009-03-30,2377.964,2380.194,2348.527,2358.04
2009-03-31,2313.883,2375.712,2299.158,2373.213
2009-04-01,2380.979,2422.625,2380.979,2408.017
2009-04-02,2417.217,2450.003,2417.111,2425.291
2009-04-03,2446.124,2456.811,2406.496,2419.778
2009-04-07,2422.1,2449.537,2407.506,2439.182
2009-04-08,2429.879,2435.388,2346.537,2347.385
2009-04-09,2345.009,2380.935,2331.877,2379.876
2009-04-10,2400.014,2444.981,2392.8,2444.226
2009-04-13,2468.083,2522.445,2464.061,2513.701
2009-04-14,2512.009,2532.089,2495.337,2527.181
2009-04-15,2514.591,2542.54,2485.926,2536.056
2009-04-16,2542.336,2549.312,2497.122,2534.134
2009-04-17,2524.626,2539.352,2481.899,2503.935
2009-04-20,2500.173,2559.036,2497.321,2557.456
2009-04-21,2523.262,2552.598,2499.601,2535.828
2009-04-22,2548.105,2579.218,2449.895,2461.346
2009-04-23,2440.676,2474.146,2422.789,2463.954
2009-04-24,2477.156,2481.527,2445.664,2448.595
2009-04-27,2443.436,2452.928,2393.162,2405.348
2009-04-28,2382.884,2411.438,2372.343,2401.438
2009-04-29,2401.658,2477.725,2395.483,2468.192
2009-04-30,2477.928,2491.072,2461.365,2477.569
2009-05-04,2486.685,2560.544,2486.225,2559.911
2009-05-05,2577.429,2590.776,2552.39,2567.337
2009-05-06,2563.564,2596.925,2552.632,2592.52
2009-05-07,2612.123,2622.112,2566.121,2597.447
2009-05-08,2586.759,2634.061,2574.572,2625.645
2009-05-11,2646.287,2663.95,2579.747,2579.747
2009-05-12,2562.363,2619.692,2558.963,2618.172
2009-05-13,2629.031,2670.213,2608.317,2663.766
2009-05-14,2631.445,2651.488,2610.223,2639.887
2009-05-15,2646.891,2661.366,2623.364,2645.263
2009-05-18,2632.569,2656.844,2589.613,2652.779
2009-05-19,2679.396,2688.112,2660.56,2676.682
2009-05-20,2680.547,2686.345,2651.011,2651.414
2009-05-21,2639.141,2663.227,2598.869,2610.622
2009-05-22,2595.988,2617.749,2578.593,2597.601
2009-05-25,2555.342,2618.359,2538.622,2610.01
2009-05-26,2615.006,2618.8,2585.91,2588.575
2009-05-27,2601.24,2635.313,2592.794,2632.93
2009-06-01,2668.4,2726.716,2668.4,2721.28
2009-06-02,2739.442,2750.88,2713.466,2724.302
2009-06-03,2722.266,2778.683,2717.863,2778.589
2009-06-04,2753.248,2778.242,2728.199,2767.244
2009-06-05,2783.859,2791.649,2750.377,2753.891
2009-06-08,2753.345,2795.149,2729.028,2768.336
2009-06-09,2766.51,2788.366,2721.854,2787.887
2009-06-10,2796.903,2820.575,2789.996,2816.247
2009-06-11,2812.279,2828.739,2787.449,2797.32
2009-06-12,2793.968,2812.679,2722.217,2743.762
2009-06-15,2743.031,2790.977,2727.739,2789.549
2009-06-16,2762.741,2797.483,2753.694,2776.022
2009-06-17,2771.521,2813.613,2744.218,2810.123
2009-06-18,2812.989,2855.415,2810.853,2853.903
2009-06-19,2861.177,2886.499,2847.358,2880.492
2009-06-22,2900.572,2923.236,2884.131,2896.302
2009-06-23,2853.491,2941.055,2841.902,2892.697
2009-06-24,2889.046,2923.47,2880.285,2922.299
2009-06-25,2926.62,2946.898,2909.09,2925.046
2009-06-26,2930.502,2937.614,2910.345,2928.211
2009-06-29,2930.313,2976.922,2918.39,2975.314
2009-06-30,2990.118,2997.272,2953.364,2959.362
2009-07-01,2950.169,3009.706,2947.69,3008.15
2009-07-02,3015.077,3062.564,3015.077,3060.254
2009-07-03,3035.814,3088.862,3029.546,3088.367
2009-07-06,3091.478,3128.31,3090.099,3124.667
2009-07-07,3118.268,3130.067,3077.476,3089.45
2009-07-08,3057.46,3097.964,3011.214,3080.774
2009-07-09,3073.518,3123.51,3064.209,3123.035
2009-07-10,3124.789,3140.044,3099.987,3113.932
2009-07-13,3098.956,3112.875,3076.302,3080.556
2009-07-14,3088.58,3147.592,3088.58,3145.157
2009-07-15,3156.625,3188.91,3156.625,3188.551
2009-07-16,3209.775,3221.068,3175.957,3183.742
2009-07-17,3181.063,3197.231,3158.566,3189.741
2009-07-20,3203.888,3269.18,3192.904,3266.92
2009-07-21,3275.667,3279.587,3207.501,3213.206
2009-07-22,3207.987,3301.427,3207.257,3296.615
2009-07-23,3301.103,3331.063,3289.224,3328.49
2009-07-24,3343.756,3398.049,3306.911,3372.603
2009-07-27,3377.716,3435.933,3376.286,3435.212
2009-07-28,3434.32,3439.924,3392.428,3438.371
2009-07-29,3419.991,3454.019,3174.214,3266.432
2009-07-30,3281.203,3336.64,3215.753,3321.56
2009-07-31,3354.679,3414.145,3333.718,3412.062
2009-08-03,3429.693,3465.173,3398.448,3462.59
2009-08-04,3477.112,3478.01,3404.818,3471.442
2009-08-05,3467.047,3468.097,3385.424,3428.501
2009-08-06,3401.479,3419.744,3309.606,3356.33
2009-08-07,3352.659,3374.461,3244.101,3260.69
2009-08-10,3287.759,3307.885,3201.06,3249.76
2009-08-11,3261.406,3273.021,3222.707,3264.726
2009-08-12,3255.985,3255.986,3104.565,3112.719
2009-08-13,3112.573,3150.365,3060.119,3140.56
2009-08-14,3138.146,3146.005,3039.305,3046.972
2009-08-17,2994.866,3020.264,2867.394,2870.63
2009-08-18,2845.335,2920.639,2827.113,2910.884
2009-08-19,2916.095,2929.063,2761.395,2785.584
2009-08-20,2798.37,2914.64,2798.37,2911.582
2009-08-21,2905.053,2969.521,2883.273,2960.771
2009-08-24,2982.192,3004.904,2944.923,2993.429
2009-08-25,2980.1,2980.1,2823.637,2915.803
2009-08-26,2889.735,2995.803,2872.264,2967.595
2009-08-27,2947.827,2988.028,2909.893,2946.395
2009-08-28,2938.423,2949.432,2843.109,2860.688
2009-08-31,2817.629,2817.629,2662.997,2667.745
2009-09-01,2649.168,2727.077,2639.759,2683.724
2009-09-02,2681.33,2729.706,2669.217,2714.974
2009-09-03,2722.305,2854.161,2715.619,2845.024
2009-09-04,2841.171,2875.983,2827.576,2861.609
2009-09-07,2877.622,2919.35,2860.0,2881.116
2009-09-08,2865.695,2931.23,2831.852,2930.475
2009-09-09,2944.174,2962.287,2900.111,2946.259
2009-09-10,2934.958,2958.954,2911.212,2924.883
2009-09-11,2917.193,2999.328,2915.904,2989.792
2009-09-14,2990.933,3033.083,2984.835,3026.741
2009-09-15,3029.097,3050.426,2999.433,3033.728
2009-09-16,3027.506,3028.564,2960.591,2999.71
2009-09-17,3015.586,3064.234,3015.586,3060.26
2009-09-18,3063.309,3068.028,2940.83,2962.667
2009-09-21,2937.926,2968.701,2871.646,2967.011
2009-09-22,2956.129,2982.895,2896.937,2897.553
2009-09-23,2897.808,2924.198,2825.859,2842.721
2009-09-24,2824.583,2886.256,2783.106,2853.554
2009-09-25,2836.699,2864.075,2812.918,2838.842
2009-09-28,2844.37,2857.948,2752.773,2763.525
2009-09-29,2763.764,2779.691,2712.299,2754.54
2009-09-30,2772.569,2803.858,2763.712,2779.426
2009-10-09,2840.131,2912.55,2834.618,2911.715
2009-10-12,2927.021,2932.078,2893.573,2894.483
2009-10-13,2889.788,2937.824,2886.959,2936.191
2009-10-14,2945.669,3010.611,2943.742,2970.532
2009-10-15,2994.89,3014.26,2967.108,2979.788
2009-10-16,2992.745,3008.179,2931.92,2976.633
2009-10-19,2974.644,3039.605,2962.307,3038.273
2009-10-20,3062.551,3084.944,3053.643,3084.454
2009-10-21,3080.52,3105.514,3062.56,3070.589
2009-10-22,3068.678,3080.663,3045.033,3051.412
2009-10-23,3057.387,3123.463,3057.387,3107.847
2009-10-26,3114.294,3123.364,3083.183,3109.566
2009-10-27,3086.091,3086.091,3020.494,3021.459
2009-10-28,3014.182,3038.059,2974.258,3031.329
2009-10-29,2975.199,2993.435,2952.014,2960.466
2009-10-30,3007.25,3027.131,2983.93,2995.848
2009-11-02,2933.817,3077.907,2923.525,3076.649
2009-11-03,3085.744,3121.202,3078.944,3114.227
2009-11-04,3119.313,3141.453,3096.354,3128.537
2009-11-05,3133.505,3158.718,3122.524,3155.053
2009-11-06,3176.137,3183.574,3156.993,3164.037
2009-11-09,3162.146,3176.661,3141.77,3175.585
2009-11-10,3203.171,3211.105,3176.255,3178.61
2009-11-11,3176.311,3186.595,3149.071,3175.192
2009-11-12,3181.457,3199.869,3163.078,3172.945
2009-11-13,3164.65,3189.091,3127.502,3187.647
2009-11-16,3206.428,3275.549,3206.428,3275.048
2009-11-17,3291.044,3298.379,3275.305,3282.889
2009-11-18,3287.265,3315.872,3274.212,3303.234
2009-11-19,3311.188,3329.028,3285.805,3320.612
2009-11-20,3309.376,3332.531,3280.184,3308.346
2009-11-23,3312.974,3339.305,3305.502,3338.663
2009-11-24,3352.22,3361.386,3214.026,3223.526
2009-11-25,3214.815,3291.173,3188.019,3290.165
2009-11-26,3296.014,3305.327,3160.35,3170.98
2009-11-27,3137.297,3169.755,3080.885,3096.265
2009-11-30,3114.29,3195.879,3114.29,3195.301
2009-12-01,3191.058,3240.661,3173.416,3235.363
2009-12-02,3252.979,3278.27,3245.964,3269.752
2009-12-03,3267.995,3270.367,3227.772,3264.628
2009-12-04,3256.614,3319.129,3214.84,3317.044
2009-12-07,3313.06,3334.011,3302.134,3331.897
2009-12-08,3330.326,3330.382,3260.671,3296.664
2009-12-09,3258.003,3284.645,3228.204,3239.568
2009-12-10,3258.354,3276.126,3225.562,3254.264
2009-12-11,3260.448,3280.939,3242.373,3247.318
2009-12-14,3246.951,3315.034,3178.229,3302.904
2009-12-15,3283.598,3303.176,3267.935,3274.46
2009-12-16,3262.862,3299.331,3246.607,3255.213
2009-12-17,3261.608,3272.975,3176.626,3179.078
2009-12-18,3154.815,3169.582,3108.03,3113.886
2009-12-21,3108.067,3123.986,3088.003,3122.973
2009-12-22,3126.615,3129.314,3039.858,3050.52
2009-12-23,3048.199,3078.837,3041.348,3073.777
2009-12-24,3080.874,3156.531,3075.107,3153.41
2009-12-25,3149.226,3154.774,3128.15,3141.353
2009-12-28,3148.86,3202.087,3148.86,3188.785
2009-12-29,3190.172,3212.516,3166.758,3211.761
2009-12-30,3211.828,3267.001,3206.217,3262.6
2009-12-31,3264.998,3282.211,3250.026,3277.139
2010-01-04,3289.75,3295.279,3243.319,3243.76
2010-01-05,3254.468,3290.512,3221.462,3282.179
2010-01-06,3277.517,3295.868,3253.044,3254.215
2010-01-07,3253.991,3268.819,3176.707,3192.776
2010-01-08,3177.259,3198.92,3149.017,3195.997
2010-01-11,3301.611,3306.751,3197.328,3212.75
2010-01-12,3205.705,3275.202,3180.085,3273.966
2010-01-13,3204.976,3232.818,3165.485,3172.658
2010-01-14,3183.381,3219.016,3165.596,3215.55
2010-01-15,3217.19,3241.815,3197.221,3224.152
2010-01-18,3213.637,3238.242,3202.207,3237.098
2010-01-19,3242.216,3268.806,3236.839,3246.874
2010-01-20,3252.037,3255.128,3148.334,3151.85
2010-01-21,3154.189,3176.147,3126.902,3158.863
2010-01-22,3118.724,3147.829,3062.629,3128.588
2010-01-25,3103.32,3136.999,3092.926,3094.411
2010-01-26,3094.848,3107.198,3001.956,3019.394
2010-01-27,3020.54,3028.647,2972.627,2986.607
2010-01-28,2985.214,3006.039,2963.891,2994.143
2010-01-29,2979.743,3024.848,2968.453,2989.292
2010-02-01,2981.374,2981.374,2912.887,2941.36
2010-02-02,2955.753,2990.748,2930.559,2934.713
2010-02-03,2945.034,3005.131,2890.021,3003.835
2010-02-04,2983.05,3015.126,2968.68,2995.308
2010-02-05,2936.197,2959.233,2918.909,2939.402
2010-02-08,2936.452,2954.266,2922.187,2935.174
2010-02-09,2932.09,2957.474,2929.21,2948.842
2010-02-10,2967.138,2983.179,2958.217,2982.5
2010-02-11,2985.082,3001.636,2976.079,2985.499
2010-02-12,2996.088,3018.858,2993.437,3018.133
2010-02-22,3016.703,3026.659,3002.811,3003.398
2010-02-23,2998.907,2998.907,2938.753,2982.575
2010-02-24,2964.984,3023.739,2955.069,3022.177
2010-02-25,3026.656,3063.004,3022.373,3060.618
2010-02-26,3053.498,3067.525,3041.689,3051.943
2010-03-01,3057.006,3093.095,3054.554,3087.842
2010-03-02,3089.706,3095.992,3060.956,3073.108
2010-03-03,3074.099,3098.456,3061.467,3097.005
2010-03-04,3098.069,3102.398,3016.215,3023.373
2010-03-05,3026.639,3044.165,3011.088,3031.065
2010-03-08,3036.415,3058.832,3030.905,3053.232
2010-03-09,3053.26,3084.85,3028.69,3069.141
2010-03-10,3067.15,3085.994,3034.739,3048.927
2010-03-11,3050.644,3070.935,3025.309,3051.282
2010-03-12,3051.474,3057.519,3011.972,3013.412
2010-03-15,3010.722,3013.517,2963.494,2976.939
2010-03-16,2974.487,2993.843,2963.438,2992.841
2010-03-17,2999.815,3050.757,2994.893,3050.479
2010-03-18,3053.158,3063.586,3035.019,3046.089
2010-03-19,3046.749,3069.662,3031.023,3067.75
2010-03-22,3069.66,3083.345,3061.759,3074.576
2010-03-23,3076.957,3082.965,3051.211,3053.125
2010-03-24,3058.928,3076.749,3052.213,3056.808
2010-03-25,3051.356,3051.356,3012.308,3019.176
2010-03-26,3017.215,3067.707,3009.905,3059.715
2010-03-29,3076.048,3130.279,3071.69,3123.798
2010-03-30,3123.832,3132.576,3113.767,3128.468
2010-03-31,3129.574,3130.112,3101.756,3109.105
2010-04-01,3111.935,3148.344,3111.935,3147.416
2010-04-02,3154.77,3159.598,3141.866,3157.957
2010-04-06,3170.612,3177.968,3141.93,3158.681
2010-04-07,3156.314,3161.081,3132.236,3148.222
2010-04-08,3143.451,3143.827,3110.256,3118.709
2010-04-09,3118.926,3146.459,3114.788,3145.347
2010-04-12,3151.888,3156.211,3111.899,3129.263
2010-04-13,3129.692,3173.634,3101.483,3161.251
2010-04-14,3161.551,3167.658,3145.555,3166.183
2010-04-15,3168.139,3181.663,3135.99,3164.966
2010-04-16,3159.672,3159.672,3121.366,3130.302
2010-04-19,3096.785,3096.785,2977.774,2980.297
2010-04-20,2980.081,2998.913,2941.35,2979.533
2010-04-21,2984.618,3034.327,2972.096,3033.278
2010-04-22,3021.289,3023.641,2978.457,2999.484
2010-04-23,2995.568,3015.633,2966.785,2983.537
2010-04-26,2988.077,2996.828,2965.832,2969.503
2010-04-27,2962.145,2962.145,2866.342,2907.928
2010-04-28,2883.167,2916.676,2865.469,2900.331
2010-04-29,2912.196,2928.93,2867.938,2868.432
2010-04-30,2867.649,2875.806,2820.949,2870.611
2010-05-04,2821.354,2862.555,2809.132,2835.277
2010-05-05,2804.514,2857.293,2770.328,2857.151
2010-05-06,2838.951,2838.951,2734.999,2739.702
2010-05-07,2685.992,2732.183,2665.812,2688.383
2010-05-10,2690.859,2713.061,2646.589,2698.757
2010-05-11,2745.604,2751.07,2638.533,2647.574
2010-05-12,2628.019,2668.118,2604.198,2655.714
2010-05-13,2653.579,2711.066,2646.896,2710.507
2010-05-14,2692.096,2712.863,2677.19,2696.629
2010-05-17,2663.882,2663.882,2557.239,2559.931
2010-05-18,2555.141,2603.32,2529.625,2594.783
2010-05-19,2581.63,2623.959,2554.984,2587.807
2010-05-20,2571.54,2609.639,2551.452,2555.94
2010-05-21,2492.575,2584.452,2481.974,2583.522
2010-05-24,2596.318,2680.493,2596.318,2673.423
2010-05-25,2654.359,2659.74,2609.086,2622.63
2010-05-26,2620.853,2644.941,2610.51,2625.793
2010-05-27,2615.105,2662.081,2583.548,2655.918
2010-05-28,2680.403,2686.542,2641.405,2655.767
2010-05-31,2647.868,2665.39,2591.535,2592.147
2010-06-01,2577.763,2598.897,2534.267,2568.283
2010-06-02,2548.542,2572.343,2521.057,2571.423
2010-06-03,2575.77,2596.137,2551.529,2552.656
2010-06-04,2536.231,2556.969,2527.873,2553.593
2010-06-07,2508.329,2527.104,2491.661,2511.729
2010-06-08,2510.084,2531.882,2491.647,2513.947
2010-06-09,2523.879,2589.473,2501.118,2583.87
2010-06-10,2561.549,2581.047,2554.787,2562.58
2010-06-11,2574.899,2590.979,2566.616,2569.942
2010-06-17,2588.965,2595.509,2559.723,2560.245
2010-06-18,2556.602,2568.861,2505.327,2513.222
2010-06-21,2517.292,2587.34,2504.315,2586.21
2010-06-22,2579.631,2598.353,2572.962,2588.698
2010-06-23,2576.343,2593.673,2546.52,2569.872
2010-06-24,2563.639,2586.898,2554.342,2566.745
2010-06-25,2556.54,2572.832,2534.269,2552.817
2010-06-28,2550.649,2561.485,2528.385,2535.278
2010-06-29,2534.496,2541.142,2425.927,2427.053
2010-06-30,2409.542,2411.441,2382.358,2398.37
2010-07-01,2393.947,2410.769,2371.778,2373.792
2010-07-02,2371.323,2386.4,2319.739,2382.901
2010-07-05,2358.757,2378.088,2335.571,2363.947
2010-07-06,2358.284,2409.783,2356.553,2409.424
2010-07-07,2407.665,2421.679,2392.567,2421.117
2010-07-08,2429.676,2436.283,2402.002,2415.15
2010-07-09,2416.58,2485.6,2398.676,2470.923
2010-07-12,2468.541,2501.024,2455.814,2490.718
2010-07-13,2468.69,2468.69,2439.243,2450.286
2010-07-14,2456.103,2494.589,2456.103,2470.44
2010-07-15,2465.989,2487.237,2423.649,2424.304
2010-07-16,2414.681,2428.464,2389.071,2424.271
2010-07-19,2399.58,2484.194,2392.273,2475.421
2010-07-20,2477.753,2530.331,2477.46,2528.73
2010-07-21,2529.619,2553.452,2520.149,2535.394
2010-07-22,2525.976,2563.239,2522.201,2562.406
2010-07-23,2566.851,2579.523,2549.237,2572.028
2010-07-26,2576.372,2589.484,2556.466,2588.683
2010-07-27,2581.59,2587.997,2565.636,2575.368
2010-07-28,2574.322,2636.002,2564.156,2633.663
2010-07-29,2635.048,2656.408,2623.944,2648.116
2010-07-30,2642.852,2643.035,2614.732,2637.503
2010-08-02,2635.807,2675.762,2633.647,2672.516
2010-08-03,2678.791,2681.786,2626.722,2627.002
2010-08-04,2620.499,2638.898,2589.988,2638.522
2010-08-05,2636.243,2640.589,2606.622,2620.757
2010-08-06,2618.713,2659.412,2598.913,2658.392
2010-08-09,2656.364,2676.09,2650.397,2672.533
2010-08-10,2672.793,2675.313,2594.336,2595.274
2010-08-11,2587.615,2618.451,2586.018,2607.497
2010-08-12,2584.919,2608.761,2570.963,2575.475
2010-08-13,2576.687,2607.033,2564.838,2606.7
2010-08-16,2603.792,2665.314,2596.771,2661.708
2010-08-17,2663.184,2677.57,2654.011,2671.893
2010-08-18,2674.501,2687.76,2654.408,2666.301
2010-08-19,2669.431,2701.93,2659.297,2687.979
2010-08-20,2677.019,2683.288,2636.908,2642.307
2010-08-23,2637.82,2656.116,2629.707,2639.366
2010-08-24,2636.532,2667.171,2614.563,2650.307
2010-08-25,2634.95,2645.503,2595.728,2596.58
2010-08-26,2604.882,2616.962,2590.614,2603.481
2010-08-27,2602.501,2613.487,2588.643,2610.742
2010-08-30,2622.266,2656.355,2620.19,2652.664
2010-08-31,2644.787,2647.253,2626.793,2638.798
2010-09-01,2641.053,2662.876,2604.487,2622.882
2010-09-02,2646.893,2659.978,2636.418,2655.776
2010-09-03,2658.129,2660.539,2631.851,2655.394
2010-09-06,2667.195,2698.601,2664.239,2696.25
2010-09-07,2698.218,2704.933,2679.023,2698.363
2010-09-08,2687.711,2695.845,2674.321,2695.291
2010-09-09,2698.638,2698.638,2651.602,2656.352
2010-09-10,2657.235,2667.837,2628.829,2663.209
2010-09-13,2665.655,2696.674,2660.607,2688.32
2010-09-14,2694.069,2703.781,2678.974,2688.522
2010-09-15,2688.386,2688.49,2645.864,2652.503
2010-09-16,2646.921,2653.272,2583.337,2602.465
2010-09-17,2607.551,2615.079,2592.535,2598.689
2010-09-20,2601.482,2607.347,2573.629,2588.713
2010-09-21,2593.763,2601.099,2580.177,2591.55
2010-09-27,2600.54,2629.045,2597.139,2627.967
2010-09-28,2625.326,2625.326,2607.018,2611.354
2010-09-29,2608.919,2634.124,2603.927,2610.678
2010-09-30,2599.715,2655.999,2597.597,2655.658
2010-10-08,2681.253,2747.805,2677.994,2738.744
2010-10-11,2755.026,2823.597,2755.026,2806.942
2010-10-12,2795.764,2843.428,2782.341,2841.407
2010-10-13,2842.138,2862.035,2826.221,2861.361
2010-10-14,2881.552,2919.414,2864.519,2879.636
2010-10-15,2863.738,2971.16,2858.216,2971.16
2010-10-18,2985.462,3026.099,2944.715,2955.227
2010-10-19,2949.63,3002.371,2931.91,3001.853
2010-10-20,2947.511,3041.151,2942.505,3003.951
2010-10-21,3009.225,3018.244,2958.546,2983.533
2010-10-22,2976.754,2997.624,2954.619,2975.043
2010-10-25,2979.706,3051.539,2959.298,3051.419
2010-10-26,3065.844,3073.384,3017.818,3041.543
2010-10-27,3031.645,3056.399,2988.871,2997.048
2010-10-28,2989.29,3007.013,2969.304,2992.579
2010-10-29,2993.296,2996.774,2955.48,2978.835
2010-11-01,2986.886,3054.05,2986.886,3054.021
2010-11-02,3061.631,3089.568,3029.324,3045.434
2010-11-03,3044.022,3069.066,3017.098,3030.988
2010-11-04,3035.366,3087.421,3035.366,3086.939
2010-11-05,3129.87,3142.589,3105.921,3129.497
2010-11-08,3140.395,3160.699,3124.091,3159.512
2010-11-09,3159.019,3159.019,3110.343,3135.0
2010-11-10,3120.44,3124.256,3093.878,3115.356
2010-11-11,3108.511,3186.72,3102.774,3147.744
2010-11-12,3121.922,3150.146,2975.163,2985.435
2010-11-15,2984.872,3016.131,2939.68,3014.413
2010-11-16,3007.643,3007.643,2885.753,2894.538
2010-11-17,2852.478,2891.052,2824.121,2838.857
2010-11-18,2855.605,2873.696,2827.179,2865.452
2010-11-19,2879.655,2888.75,2806.644,2888.566
2010-11-22,2861.606,2904.97,2852.774,2884.371
2010-11-23,2872.172,2872.172,2791.584,2828.282
2010-11-24,2794.864,2861.485,2794.864,2859.936
2010-11-25,2875.858,2901.675,2856.962,2898.261
2010-11-26,2890.287,2894.421,2851.957,2871.698
2010-11-29,2861.149,2878.827,2841.795,2866.356
2010-11-30,2863.412,2881.16,2758.924,2820.181
2010-12-01,2810.543,2834.199,2795.811,2823.449
2010-12-02,2860.464,2870.806,2841.473,2843.607
2010-12-03,2846.725,2853.401,2822.743,2842.431
2010-12-06,2850.382,2871.407,2831.697,2857.178
2010-12-07,2843.767,2884.53,2809.11,2875.861
2010-12-08,2868.733,2880.558,2843.94,2848.546
2010-12-09,2837.615,2854.7,2808.506,2810.949
2010-12-10,2798.736,2850.422,2792.522,2841.04
2010-12-13,2850.325,2923.774,2847.658,2922.954
2010-12-14,2928.3,2933.407,2912.42,2927.077
2010-12-15,2927.264,2939.05,2905.649,2911.414
2010-12-16,2908.865,2921.275,2891.858,2898.138
2010-12-17,2896.77,2898.812,2881.004,2893.74
2010-12-20,2901.47,2911.561,2804.556,2852.916
2010-12-21,2857.589,2908.166,2846.633,2904.115
2010-12-22,2910.731,2917.199,2867.049,2877.9
2010-12-23,2874.202,2893.711,2849.836,2855.22
2010-12-24,2841.346,2853.486,2813.496,2835.157
2010-12-27,2842.807,2876.811,2774.538,2781.402
2010-12-28,2768.031,2775.149,2730.407,2732.99
2010-12-29,2735.476,2753.025,2721.479,2751.527
2010-12-30,2751.973,2768.126,2724.541,2759.575
2010-12-31,2759.162,2808.926,2758.131,2808.077
2011-01-04,2825.329,2855.396,2810.108,2852.648
2011-01-05,2833.117,2850.493,2824.296,2838.593
2011-01-06,2838.435,2853.875,2816.951,2824.197
2011-01-07,2820.665,2868.005,2807.87,2838.801
2011-01-10,2832.622,2847.358,2786.861,2791.809
2011-01-11,2783.476,2810.762,2770.338,2804.047
2011-01-12,2811.785,2828.468,2788.13,2821.305
2011-01-13,2830.534,2837.526,2810.874,2827.713
2011-01-14,2817.048,2817.048,2780.438,2791.344
2011-01-17,2772.45,2780.942,2698.781,2706.66
2011-01-18,2696.147,2715.406,2683.367,2708.979
2011-01-19,2707.816,2759.602,2700.811,2758.097
2011-01-20,2752.799,2752.799,2676.129,2677.652
2011-01-21,2668.677,2746.178,2667.286,2715.294
2011-01-24,2716.524,2736.109,2690.652,2695.72
2011-01-25,2691.693,2701.044,2661.448,2677.432
2011-01-26,2677.172,2710.738,2676.769,2708.814
2011-01-27,2690.825,2753.001,2677.21,2749.15
2011-01-28,2741.314,2759.44,2733.291,2752.75
2011-01-31,2751.527,2790.921,2748.538,2790.694
2011-02-01,2795.071,2805.049,2785.296,2798.96
2011-02-09,2778.701,2804.208,2764.867,2774.065
2011-02-10,2769.646,2819.063,2760.175,2818.163
2011-02-11,2815.119,2835.411,2807.605,2827.328
2011-02-14,2828.571,2906.261,2828.571,2899.134
2011-02-15,2900.427,2934.467,2892.637,2899.237
2011-02-16,2893.682,2924.188,2882.549,2923.896
2011-02-17,2929.255,2939.284,2905.032,2926.964
2011-02-18,2924.23,2924.23,2890.262,2899.792
2011-02-21,2886.54,2932.82,2884.191,2932.246
2011-02-22,2941.318,2944.413,2851.62,2855.516
2011-02-23,2844.99,2868.484,2839.195,2862.634
2011-02-24,2861.393,2881.537,2854.564,2878.603
2011-02-25,2876.777,2890.324,2848.65,2878.565
2011-02-28,2880.17,2906.169,2861.817,2905.053
2011-03-01,2906.285,2931.58,2901.552,2918.92
2011-03-02,2905.514,2924.963,2883.566,2913.808
2011-03-03,2918.731,2937.557,2900.761,2902.978
2011-03-04,2902.19,2944.459,2898.084,2942.306
2011-03-07,2952.722,3000.429,2952.722,2996.211
2011-03-08,2996.727,3001.624,2976.6,2999.942
2011-03-09,3002.546,3012.044,2989.342,3002.154
2011-03-10,2995.768,2995.768,2954.367,2957.143
2011-03-11,2942.419,2966.98,2927.683,2933.796
2011-03-14,2923.982,2939.652,2914.458,2937.627
2011-03-15,2927.984,2927.984,2850.945,2896.256
2011-03-16,2894.252,2934.018,2894.252,2930.804
2011-03-17,2906.955,2935.625,2885.651,2897.298
2011-03-18,2920.806,2930.606,2900.872,2906.886
2011-03-21,2913.913,2927.073,2895.154,2909.137
2011-03-22,2917.687,2923.392,2884.751,2919.142
2011-03-23,2919.016,2950.422,2911.626,2948.477
2011-03-24,2949.85,2958.663,2942.134,2946.706
2011-03-25,2948.543,2985.083,2946.697,2977.814
2011-03-28,2985.356,3005.783,2979.196,2984.005
2011-03-29,2979.865,2994.174,2953.54,2958.077
2011-03-30,2955.453,2968.182,2935.747,2955.771
2011-03-31,2954.653,2961.63,2914.384,2928.111
2011-04-01,2932.481,2967.847,2924.394,2967.41
2011-04-06,2964.212,3005.238,2963.899,3001.36
2011-04-07,3003.204,3012.288,2990.311,3007.909
2011-04-08,3005.368,3031.097,2998.34,3030.021
2011-04-11,3037.91,3059.568,3019.886,3022.746
2011-04-12,3012.795,3039.124,3003.445,3021.369
2011-04-13,3006.83,3050.401,2994.465,3050.398
2011-04-14,3049.667,3058.239,3036.726,3042.635
2011-04-15,3036.345,3062.53,3020.156,3050.526
2011-04-18,3040.531,3067.456,3037.189,3057.329
2011-04-19,3038.807,3038.807,2996.222,2999.041
2011-04-20,3005.975,3019.123,2992.672,3007.037
2011-04-21,3021.77,3035.471,3012.544,3026.668
2011-04-22,3025.699,3032.965,3004.465,3010.517
2011-04-25,3003.031,3003.61,2964.643,2964.951
2011-04-26,2956.949,2970.278,2931.502,2938.981
2011-04-27,2946.327,2961.133,2907.662,2925.408
2011-04-28,2937.947,2953.193,2884.839,2887.044
2011-04-29,2886.629,2913.556,2871.01,2911.511
2011-05-03,2911.51,2933.46,2890.225,2932.188
2011-05-04,2916.845,2916.97,2860.075,2866.017
2011-05-05,2854.768,2880.125,2849.91,2872.404
2011-05-06,2842.765,2881.706,2834.456,2863.886
2011-05-09,2868.235,2885.178,2861.42,2872.46
2011-05-10,2876.98,2891.034,2865.104,2890.634
2011-05-11,2890.353,2897.141,2868.349,2883.42
2011-05-12,2864.976,2876.448,2843.097,2844.083
2011-05-13,2846.311,2871.992,2832.254,2871.031
2011-05-16,2864.377,2877.091,2846.307,2849.067
2011-05-17,2846.447,2869.23,2821.203,2852.773
2011-05-18,2846.725,2877.427,2843.676,2872.771
2011-05-19,2879.387,2884.141,2856.829,2859.574
2011-05-20,2858.311,2866.763,2850.445,2858.459
2011-05-23,2853.286,2853.286,2771.117,2774.569
2011-05-24,2766.059,2771.748,2744.777,2767.056
2011-05-25,2764.56,2771.177,2737.33,2741.741
2011-05-26,2755.394,2764.89,2734.536,2736.527
2011-05-27,2739.387,2746.842,2708.548,2709.947
2011-05-30,2704.485,2728.062,2689.206,2706.361
2011-05-31,2707.559,2744.934,2702.095,2743.472
2011-06-01,2737.057,2744.559,2726.495,2743.572
2011-06-02,2715.316,2727.995,2676.538,2705.181
2011-06-03,2701.773,2732.427,2701.25,2728.02
2011-06-07,2720.97,2745.77,2717.313,2744.3
2011-06-08,2742.043,2754.122,2715.25,2750.288
2011-06-09,2743.539,2747.332,2702.695,2703.345
2011-06-10,2696.13,2707.742,2672.32,2705.143
2011-06-13,2687.653,2703.423,2669.395,2700.379
2011-06-14,2696.223,2735.553,2691.671,2730.04
2011-06-15,2717.677,2730.476,2705.072,2705.431
2011-06-16,2685.632,2691.944,2663.12,2664.283
2011-06-17,2661.414,2675.027,2641.392,2642.818
2011-06-20,2635.834,2637.883,2610.99,2621.253
2011-06-21,2628.022,2648.024,2618.807,2646.483
2011-06-22,2648.534,2657.725,2633.474,2649.321
2011-06-23,2640.66,2693.417,2630.336,2688.249
2011-06-24,2678.052,2759.71,2674.303,2746.211
2011-06-27,2746.787,2769.043,2743.496,2758.23
2011-06-28,2759.713,2763.28,2736.398,2759.202
2011-06-29,2757.4,2759.231,2727.253,2728.483
2011-06-30,2729.992,2774.365,2729.992,2762.076
2011-07-01,2767.834,2778.668,2752.966,2759.362
2011-07-04,2770.94,2813.27,2770.94,2812.818
2011-07-05,2812.722,2818.141,2799.11,2816.355
2011-07-06,2811.815,2811.815,2780.728,2810.479
2011-07-07,2813.193,2825.123,2793.892,2794.267
2011-07-08,2797.026,2807.38,2784.126,2797.774
2011-07-11,2789.454,2807.322,2780.665,2802.692
2011-07-12,2783.722,2783.722,2752.186,2754.582
2011-07-13,2756.032,2797.266,2756.032,2795.476
2011-07-14,2798.212,2811.704,2788.983,2810.444
2011-07-15,2803.585,2821.339,2794.159,2820.169
2011-07-18,2821.358,2826.959,2807.108,2816.688
2011-07-19,2804.923,2809.315,2790.685,2796.983
2011-07-20,2810.436,2817.285,2779.381,2794.205
2011-07-21,2795.896,2799.852,2763.418,2765.894
2011-07-22,2769.863,2782.169,2763.8,2770.79
2011-07-25,2759.628,2759.628,2680.747,2688.746
2011-07-26,2685.754,2704.939,2677.119,2703.026
2011-07-27,2690.144,2726.801,2680.433,2723.492
2011-07-28,2701.771,2712.09,2684.661,2708.777
2011-07-29,2706.497,2721.53,2681.272,2701.729
2011-08-01,2697.575,2712.888,2688.529,2703.783
2011-08-02,2689.971,2689.971,2651.28,2679.259
2011-08-03,2659.118,2688.065,2654.364,2678.485
2011-08-04,2683.192,2698.815,2675.534,2684.039
2011-08-05,2620.277,2644.581,2605.137,2626.423
2011-08-08,2599.289,2614.19,2497.918,2526.816
2011-08-09,2468.032,2537.409,2437.681,2526.07
2011-08-10,2562.393,2579.156,2544.952,2549.176
2011-08-11,2508.857,2582.155,2505.012,2581.508
2011-08-12,2593.395,2605.447,2585.846,2593.173
2011-08-15,2598.138,2627.104,2584.407,2626.77
2011-08-16,2627.854,2636.36,2601.501,2608.166
2011-08-17,2603.961,2617.165,2596.039,2601.261
2011-08-18,2601.99,2603.485,2556.859,2559.472
2011-08-19,2519.645,2538.272,2513.754,2534.358
2011-08-22,2534.57,2553.415,2507.782,2515.863
2011-08-23,2524.877,2554.178,2514.949,2554.019
2011-08-24,2562.411,2569.278,2536.256,2541.091
2011-08-25,2546.402,2616.304,2545.054,2615.261
2011-08-26,2602.208,2616.636,2593.238,2612.188
2011-08-29,2595.466,2595.466,2570.844,2576.413
2011-08-30,2592.597,2615.135,2563.689,2566.595
2011-08-31,2566.529,2574.415,2545.096,2567.34
2011-09-01,2569.799,2584.804,2547.855,2556.042
2011-09-02,2551.556,2557.31,2517.618,2528.28
2011-09-05,2510.1,2510.1,2478.195,2478.739
2011-09-06,2465.565,2482.242,2459.543,2470.524
2011-09-07,2480.941,2516.754,2475.218,2516.09
2011-09-08,2523.962,2524.377,2498.113,2498.943
2011-09-09,2506.969,2528.422,2487.145,2497.753
2011-09-13,2467.73,2477.083,2453.796,2471.305
2011-09-14,2478.586,2485.934,2439.372,2484.827
2011-09-15,2482.859,2496.572,2477.651,2479.055
2011-09-16,2490.177,2499.481,2475.758,2482.343
2011-09-19,2469.6,2469.6,2437.165,2437.795
2011-09-20,2433.721,2460.034,2426.703,2447.755
2011-09-21,2450.116,2517.673,2438.852,2512.963
2011-09-22,2491.212,2499.976,2442.462,2443.057
2011-09-23,2411.833,2440.751,2400.141,2433.159
2011-09-26,2416.226,2441.729,2384.64,2393.183
2011-09-27,2410.991,2423.913,2395.164,2415.054
2011-09-28,2427.289,2430.27,2383.396,2392.062
2011-09-29,2378.423,2387.538,2358.572,2365.343
2011-09-30,2368.398,2377.541,2348.217,2359.22
2011-10-10,2363.078,2368.149,2338.685,2344.787
2011-10-11,2401.738,2412.376,2323.412,2348.516
2011-10-12,2335.488,2421.693,2318.628,2420.0
2011-10-13,2412.832,2439.64,2406.282,2438.79
2011-10-14,2429.885,2437.594,2409.288,2431.375
2011-10-17,2434.486,2452.99,2424.726,2440.402
2011-10-18,2423.282,2425.646,2378.667,2383.485
2011-10-19,2387.831,2401.688,2374.417,2377.512
2011-10-20,2365.909,2368.64,2315.9,2331.366
2011-10-21,2330.512,2340.315,2313.782,2317.275
2011-10-24,2322.02,2371.092,2307.146,2370.333
2011-10-25,2366.398,2414.049,2357.387,2409.672
2011-10-26,2398.187,2448.981,2394.733,2427.48
2011-10-27,2432.473,2449.701,2426.315,2435.614
2011-10-28,2462.085,2483.759,2456.177,2473.41
2011-10-31,2470.254,2478.307,2455.205,2468.25
2011-11-01,2450.331,2491.355,2445.527,2470.019
2011-11-02,2437.87,2505.121,2433.715,2504.108
2011-11-03,2510.842,2535.24,2507.297,2508.09
2011-11-04,2525.244,2536.779,2512.904,2528.294
2011-11-07,2518.898,2536.18,2507.615,2509.799
2011-11-08,2514.259,2524.82,2500.02,2503.836
2011-11-09,2512.587,2527.703,2489.025,2524.919
2011-11-10,2498.594,2507.452,2478.139,2479.536
2011-11-11,2483.957,2496.527,2472.761,2481.084
2011-11-14,2498.672,2529.632,2496.335,2528.714
2011-11-15,2525.948,2534.059,2518.703,2529.761
2011-11-16,2529.073,2529.458,2456.856,2466.959
2011-11-17,2467.704,2482.528,2459.165,2463.046
2011-11-18,2448.387,2448.51,2411.042,2416.562
2011-11-21,2416.732,2419.244,2396.087,2415.13
2011-11-22,2400.984,2414.85,2387.826,2412.625
2011-11-23,2415.197,2418.56,2390.654,2395.065
2011-11-24,2379.146,2409.719,2370.695,2397.554
2011-11-25,2393.327,2403.942,2372.622,2380.224
2011-11-28,2383.893,2396.827,2372.156,2383.034
2011-11-29,2398.994,2413.326,2388.202,2412.393
2011-11-30,2406.329,2407.326,2319.44,2333.414
2011-12-01,2392.485,2423.559,2376.916,2386.86
2011-12-02,2374.899,2378.299,2344.846,2360.664
2011-12-05,2363.111,2363.127,2327.61,2333.229
2011-12-06,2326.66,2331.892,2310.155,2325.905
2011-12-07,2325.562,2339.847,2317.814,2332.73
2011-12-08,2329.911,2346.654,2302.642,2329.82
2011-12-09,2315.513,2331.259,2309.457,2315.27
2011-12-12,2312.151,2315.811,2290.264,2291.545
2011-12-13,2283.223,2285.814,2245.868,2248.59
2011-12-14,2241.387,2256.744,2224.725,2228.525
2011-12-15,2215.792,2216.909,2179.467,2180.895
2011-12-16,2179.509,2225.538,2170.748,2224.84
2011-12-19,2208.071,2221.448,2164.887,2218.235
2011-12-20,2209.699,2239.859,2206.519,2215.93
2011-12-21,2230.18,2237.466,2188.71,2191.148
2011-12-22,2178.572,2201.587,2149.423,2186.297
2011-12-23,2183.911,2219.786,2178.141,2204.784
2011-12-26,2193.659,2213.453,2186.07,2190.11
2011-12-27,2186.709,2196.973,2162.723,2166.205
2011-12-28,2157.65,2170.672,2134.017,2170.013
2011-12-29,2161.184,2181.955,2157.115,2173.561
2011-12-30,2177.517,2200.988,2177.517,2199.417
2012-01-04,2211.995,2217.52,2168.644,2169.39
2012-01-05,2160.898,2183.404,2145.556,2148.452
2012-01-06,2148.147,2164.322,2132.626,2163.395
2012-01-09,2164.741,2226.218,2148.453,2225.89
2012-01-10,2221.832,2288.628,2218.275,2285.744
2012-01-11,2282.913,2290.644,2265.185,2276.046
2012-01-12,2268.739,2295.224,2265.256,2275.01
2012-01-13,2277.08,2281.532,2225.736,2244.58
2012-01-16,2230.433,2241.259,2206.045,2206.193
2012-01-17,2206.531,2298.376,2196.117,2298.376
2012-01-18,2298.834,2311.579,2257.898,2266.384
2012-01-19,2266.076,2305.707,2259.337,2296.075
2012-01-20,2300.5,2322.891,2293.893,2319.118
2012-01-30,2324.493,2324.493,2284.291,2285.038
2012-01-31,2285.954,2296.384,2277.056,2292.61
2012-02-01,2288.066,2305.863,2263.342,2268.08
2012-02-02,2273.85,2312.556,2268.687,2312.556
2012-02-03,2306.656,2336.267,2300.982,2330.405
2012-02-06,2334.248,2341.575,2317.422,2331.136
2012-02-07,2319.421,2319.708,2278.825,2291.902
2012-02-08,2291.812,2350.965,2286.819,2347.53
2012-02-09,2344.224,2363.613,2333.935,2349.589
2012-02-10,2342.011,2368.979,2339.885,2351.981
2012-02-13,2332.055,2365.339,2325.028,2351.855
2012-02-14,2348.877,2352.469,2332.247,2344.771
2012-02-15,2340.455,2374.282,2335.101,2366.702
2012-02-16,2363.897,2373.804,2342.073,2356.86
2012-02-17,2366.63,2372.512,2344.76,2357.181
2012-02-20,2383.686,2388.009,2362.012,2363.597
2012-02-21,2365.487,2382.146,2345.053,2381.43
2012-02-22,2380.504,2404.442,2374.03,2403.587
2012-02-23,2401.738,2416.805,2396.71,2409.554
2012-02-24,2410.881,2439.977,2405.274,2439.628
2012-02-27,2447.406,2478.375,2444.629,2447.057
2012-02-28,2440.914,2458.651,2431.828,2451.857
2012-02-29,2446.228,2453.067,2426.329,2428.487
2012-03-01,2418.788,2437.874,2418.334,2426.115
2012-03-02,2430.098,2461.121,2430.098,2460.693
2012-03-05,2464.849,2469.841,2442.115,2445.002
2012-03-06,2439.779,2442.001,2406.056,2410.445
2012-03-07,2391.203,2413.695,2388.519,2394.794
2012-03-08,2401.102,2426.698,2401.102,2420.276
2012-03-09,2425.885,2440.511,2414.966,2439.462
2012-03-12,2438.546,2440.857,2420.84,2434.859
2012-03-13,2432.843,2457.22,2428.609,2455.795
2012-03-14,2464.915,2476.216,2382.836,2391.23
2012-03-15,2388.063,2403.742,2366.024,2373.774
2012-03-16,2377.757,2406.148,2368.311,2404.736
2012-03-19,2401.217,2412.336,2383.674,2410.184
2012-03-20,2407.542,2407.542,2376.031,2376.839
2012-03-21,2384.709,2396.722,2361.222,2378.195
2012-03-22,2376.991,2386.099,2364.13,2375.772
2012-03-23,2369.077,2371.263,2342.12,2349.539
2012-03-26,2349.086,2357.996,2339.141,2350.599
2012-03-27,2358.545,2363.766,2344.304,2347.179
2012-03-28,2341.003,2341.42,2281.433,2284.881
2012-03-29,2276.74,2280.958,2242.345,2252.16
2012-03-30,2256.042,2266.208,2246.245,2262.788
2012-04-05,2258.031,2303.824,2251.393,2302.241
2012-04-06,2299.055,2309.64,2291.559,2306.553
2012-04-09,2300.051,2304.65,2284.442,2285.777
2012-04-10,2281.024,2306.387,2258.853,2305.863
2012-04-11,2286.716,2319.053,2280.035,2308.925
2012-04-12,2310.484,2351.055,2307.841,2350.864
2012-04-13,2351.513,2369.701,2346.944,2359.161
2012-04-16,2346.307,2364.111,2342.199,2357.026
2012-04-17,2355.369,2363.013,2333.341,2334.985
2012-04-18,2341.135,2383.64,2337.857,2380.848
2012-04-19,2378.632,2386.978,2369.459,2378.634
2012-04-20,2374.662,2407.294,2372.13,2406.863
2012-04-23,2403.521,2411.51,2383.068,2388.588
2012-04-24,2380.236,2415.749,2350.399,2388.834
2012-04-25,2382.211,2411.421,2376.626,2406.813
2012-04-26,2408.558,2414.754,2393.265,2404.697
2012-04-27,2402.431,2408.42,2393.867,2396.316
2012-05-02,2421.082,2446.35,2407.788,2438.436
2012-05-03,2433.589,2441.953,2427.728,2440.08
2012-05-04,2437.465,2453.731,2427.969,2452.014
2012-05-07,2441.757,2451.947,2432.736,2451.947
2012-05-08,2451.575,2451.598,2431.025,2448.884
2012-05-09,2432.472,2432.472,2407.509,2408.587
2012-05-10,2409.945,2419.121,2402.204,2410.23
2012-05-11,2406.074,2415.977,2393.378,2394.983
2012-05-14,2408.262,2411.272,2377.983,2380.725
2012-05-15,2367.083,2376.594,2354.614,2374.843
2012-05-16,2369.295,2372.032,2344.5,2346.192
2012-05-17,2347.177,2383.306,2342.352,2378.886
2012-05-18,2364.899,2369.598,2338.241,2344.52
2012-05-21,2343.576,2360.386,2330.325,2348.3
2012-05-22,2355.732,2374.056,2354.868,2373.307
2012-05-23,2369.265,2378.077,2350.548,2363.437
2012-05-24,2359.682,2373.057,2344.58,2350.973
2012-05-25,2350.541,2355.808,2327.408,2333.553
2012-05-28,2325.317,2361.744,2309.072,2361.367
2012-05-29,2361.003,2393.279,2358.374,2389.636
2012-05-30,2385.392,2391.691,2378.133,2384.668
2012-05-31,2370.007,2382.989,2362.314,2372.234
2012-06-01,2373.224,2388.087,2365.442,2373.436
2012-06-04,2346.984,2348.199,2308.229,2308.55
2012-06-05,2313.741,2323.298,2304.046,2311.916
2012-06-06,2315.561,2323.113,2301.035,2309.555
2012-06-07,2324.672,2328.672,2288.665,2293.13
2012-06-08,2306.219,2306.882,2276.714,2281.447
2012-06-11,2282.891,2311.772,2278.163,2305.856
2012-06-12,2295.07,2298.95,2280.951,2289.791
2012-06-13,2289.707,2319.714,2284.65,2318.924
2012-06-14,2306.781,2314.585,2293.065,2295.946
2012-06-15,2299.781,2314.242,2283.4,2306.85
2012-06-18,2313.53,2325.052,2309.709,2316.052
2012-06-19,2313.455,2313.455,2298.394,2300.795
2012-06-20,2300.406,2304.458,2291.541,2292.877
2012-06-21,2288.454,2288.454,2253.789,2260.877
2012-06-25,2253.514,2253.514,2223.054,2224.114
2012-06-26,2214.649,2229.24,2203.944,2222.067
2012-06-27,2219.944,2233.543,2213.323,2216.934
2012-06-28,2220.236,2224.155,2195.356,2195.843
2012-06-29,2190.576,2226.485,2188.716,2225.431
2012-07-02,2234.32,2234.873,2215.358,2226.11
2012-07-03,2225.568,2244.832,2219.05,2229.193
2012-07-04,2233.335,2239.27,2219.448,2227.315
2012-07-05,2218.216,2218.216,2192.648,2201.353
2012-07-06,2203.73,2227.473,2185.522,2223.579
2012-07-09,2210.714,2216.697,2168.608,2170.814
2012-07-10,2166.947,2178.195,2156.726,2164.437
2012-07-11,2160.02,2176.491,2156.596,2175.383
2012-07-12,2172.064,2197.044,2152.675,2185.491
2012-07-13,2180.172,2198.661,2177.924,2185.895
2012-07-16,2187.887,2188.063,2146.154,2147.955
2012-07-17,2142.43,2165.335,2141.481,2161.186
2012-07-18,2159.857,2170.296,2138.792,2169.099
2012-07-19,2164.274,2197.79,2159.943,2184.841
2012-07-20,2180.012,2185.733,2162.064,2168.638
2012-07-23,2154.171,2154.171,2135.563,2141.402
2012-07-24,2132.317,2158.948,2131.013,2146.589
2012-07-25,2141.036,2151.45,2132.833,2136.151
2012-07-26,2134.987,2147.664,2124.155,2126.004
2012-07-27,2132.009,2139.154,2120.63,2128.765
2012-07-30,2128.159,2137.736,2107.634,2109.914
2012-07-31,2109.325,2116.904,2100.252,2103.634
2012-08-01,2101.723,2130.712,2101.708,2123.36
2012-08-02,2120.146,2126.46,2103.495,2111.182
2012-08-03,2113.964,2133.266,2108.33,2132.796
2012-08-06,2129.148,2158.681,2127.263,2154.916
2012-08-07,2153.093,2159.683,2148.897,2157.62
2012-08-08,2158.982,2168.734,2153.02,2160.99
2012-08-09,2159.434,2175.545,2148.694,2174.102
2012-08-10,2172.964,2176.795,2165.284,2168.814
2012-08-13,2164.043,2164.043,2134.554,2136.078
2012-08-14,2137.047,2144.006,2119.253,2142.525
2012-08-15,2138.278,2139.142,2118.503,2118.945
2012-08-16,2116.08,2122.683,2109.658,2112.197
2012-08-17,2111.653,2120.714,2100.787,2114.891
2012-08-20,2102.231,2110.78,2089.018,2106.957
2012-08-21,2106.381,2124.195,2103.071,2118.268
2012-08-22,2118.881,2121.149,2097.605,2107.711
2012-08-23,2106.96,2118.736,2097.083,2113.072
2012-08-24,2108.36,2109.822,2089.217,2092.104
2012-08-27,2085.373,2085.373,2055.377,2055.708
2012-08-28,2054.967,2083.956,2052.492,2073.154
2012-08-29,2066.82,2073.949,2051.775,2053.235
2012-08-30,2044.033,2060.185,2032.537,2052.585
2012-08-31,2046.289,2059.302,2044.65,2047.522
2012-09-03,2044.825,2066.78,2041.161,2059.147
2012-09-04,2060.613,2063.817,2039.266,2043.649
2012-09-05,2038.873,2048.319,2029.054,2037.681
2012-09-06,2040.668,2052.95,2036.366,2051.918
2012-09-07,2062.99,2145.003,2062.99,2127.762
2012-09-10,2128.065,2140.168,2120.486,2134.893
2012-09-11,2127.519,2127.519,2107.219,2120.554
2012-09-12,2129.687,2137.89,2109.137,2126.554
2012-09-13,2123.84,2130.079,2109.996,2110.379
2012-09-14,2127.389,2136.226,2111.12,2123.847
2012-09-17,2120.617,2121.583,2077.484,2078.5
2012-09-18,2069.343,2074.762,2053.662,2059.543
2012-09-19,2061.061,2069.95,2055.198,2067.831
2012-09-20,2060.306,2060.306,2023.085,2024.837
2012-09-21,2020.554,2041.948,2018.263,2026.69
2012-09-24,2015.767,2040.85,2005.263,2033.192
2012-09-25,2028.633,2039.096,2021.809,2029.293
2012-09-26,2027.855,2033.036,1999.484,2004.172
2012-09-27,2003.099,2068.071,2002.324,2056.323
2012-09-28,2042.886,2089.633,2040.35,2086.169
2012-10-08,2084.849,2096.259,2063.089,2074.419
2012-10-09,2081.589,2119.336,2081.589,2115.23
2012-10-10,2111.587,2121.992,2102.535,2119.942
2012-10-11,2114.232,2117.839,2101.14,2102.868
2012-10-12,2109.07,2127.307,2092.511,2104.932
2012-10-15,2105.024,2107.199,2085.115,2098.703
2012-10-16,2097.05,2111.78,2089.695,2098.808
2012-10-17,2104.28,2113.162,2088.044,2105.618
2012-10-18,2108.498,2137.686,2107.492,2131.688
2012-10-19,2129.82,2136.869,2125.736,2128.302
2012-10-22,2118.521,2138.027,2112.752,2132.758
2012-10-23,2132.108,2136.218,2111.923,2114.447
2012-10-24,2106.83,2123.998,2104.67,2115.99
2012-10-25,2114.764,2128.74,2100.609,2101.58
2012-10-26,2100.1,2102.162,2058.063,2066.209
2012-10-29,2061.847,2068.237,2053.092,2058.943
2012-10-30,2059.202,2075.905,2054.264,2062.347
2012-10-31,2061.124,2070.479,2053.583,2068.88
2012-11-01,2070.02,2109.496,2069.947,2104.428
2012-11-02,2105.449,2119.224,2096.531,2117.046
2012-11-05,2113.328,2123.327,2104.584,2114.027
2012-11-06,2113.658,2114.791,2078.472,2105.999
2012-11-07,2102.419,2112.631,2093.289,2105.73
2012-11-08,2091.254,2092.565,2070.65,2071.509
2012-11-09,2066.495,2077.228,2062.417,2069.067
2012-11-12,2069.214,2079.571,2061.84,2079.274
2012-11-13,2078.133,2078.133,2044.036,2047.889
2012-11-14,2047.257,2056.488,2040.172,2055.419
2012-11-15,2045.456,2053.56,2029.874,2030.29
2012-11-16,2026.563,2028.686,2001.716,2014.725
2012-11-19,2013.246,2018.38,1995.721,2016.982
2012-11-20,2020.433,2023.611,2004.17,2008.923
2012-11-21,2008.211,2031.149,1995.174,2030.319
2012-11-22,2021.209,2023.085,2009.72,2015.611
2012-11-23,2020.015,2034.884,2017.004,2027.384
2012-11-26,2023.339,2027.274,2014.029,2017.464
2012-11-27,2012.075,2014.211,1990.336,1991.165
2012-11-28,1984.48,1984.863,1968.213,1973.523
2012-11-29,1972.925,1980.556,1961.822,1963.488
2012-11-30,1961.815,1983.419,1959.334,1980.117
2012-12-03,1977.254,1988.191,1957.884,1959.767
2012-12-04,1956.616,1980.119,1949.457,1975.143
2012-12-05,1973.107,2040.604,1970.202,2031.907
2012-12-06,2029.562,2036.609,2018.379,2029.237
2012-12-07,2028.766,2065.745,2023.961,2061.786
2012-12-10,2067.324,2087.007,2064.615,2083.77
2012-12-11,2077.557,2088.635,2070.192,2074.704
2012-12-12,2073.271,2085.934,2066.391,2082.726
2012-12-13,2077.416,2081.363,2059.472,2061.476
2012-12-14,2062.689,2152.496,2062.543,2150.625
2012-12-17,2152.097,2169.57,2151.936,2160.342
2012-12-18,2155.858,2183.714,2144.733,2162.464
2012-12-19,2158.67,2175.395,2154.287,2162.239
2012-12-20,2156.193,2174.819,2142.951,2168.353
2012-12-21,2169.57,2190.398,2148.17,2153.31
2012-12-24,2150.654,2170.394,2149.825,2159.053
2012-12-25,2154.32,2220.263,2146.862,2213.611
2012-12-26,2211.594,2220.475,2206.787,2219.132
2012-12-27,2223.655,2234.724,2204.79,2205.897
2012-12-28,2207.913,2234.869,2204.003,2233.252
2012-12-31,2236.461,2269.512,2236.461,2269.128
2013-01-04,2289.51,2296.113,2256.56,2276.992
2013-01-07,2271.663,2293.317,2266.862,2285.364
2013-01-08,2284.654,2289.139,2262.979,2276.07
2013-01-09,2271.299,2283.896,2259.051,2275.34
2013-01-10,2274.377,2295.484,2268.648,2283.658
2013-01-11,2285.185,2290.205,2234.947,2242.997
2013-01-14,2236.288,2317.617,2235.107,2311.74
2013-01-15,2312.468,2332.783,2309.323,2325.682
2013-01-16,2322.158,2326.764,2279.507,2309.499
2013-01-17,2305.14,2305.602,2275.877,2284.909
2013-01-18,2295.809,2324.509,2285.972,2317.07
2013-01-21,2321.49,2329.581,2305.099,2328.221
2013-01-22,2326.49,2335.806,2301.301,2315.139
2013-01-23,2308.521,2325.118,2296.491,2320.911
2013-01-24,2320.258,2362.943,2287.296,2302.598
2013-01-25,2300.001,2308.38,2288.262,2291.304
2013-01-28,2295.352,2346.921,2295.352,2346.505
2013-01-29,2347.215,2363.797,2337.353,2358.977
2013-01-30,2360.748,2383.763,2347.89,2382.475
2013-01-31,2383.426,2391.821,2371.226,2385.422
2013-02-01,2377.414,2421.154,2369.57,2419.02
2013-02-04,2425.921,2440.376,2417.585,2428.154
2013-02-05,2411.001,2437.415,2403.302,2433.13
2013-02-06,2432.677,2441.726,2427.699,2434.477
2013-02-07,2430.688,2433.893,2394.218,2418.53
2013-02-08,2416.619,2443.032,2414.398,2432.402
2013-02-18,2441.906,2444.804,2415.429,2421.558
2013-02-19,2420.265,2427.075,2373.535,2382.914
2013-02-20,2383.493,2397.941,2370.608,2397.178
2013-02-21,2378.822,2378.822,2309.171,2325.951
2013-02-22,2322.94,2330.879,2308.76,2314.164
2013-02-25,2320.618,2338.78,2315.012,2325.819
2013-02-26,2313.74,2340.709,2289.887,2293.341
2013-02-27,2297.767,2324.627,2292.034,2313.22
2013-02-28,2322.323,2366.164,2308.916,2365.593
2013-03-01,2364.544,2369.649,2330.858,2359.506
2013-03-04,2332.08,2333.54,2259.247,2273.404
2013-03-05,2274.808,2328.143,2270.1,2326.306
2013-03-06,2333.615,2351.441,2321.6,2347.179
2013-03-07,2340.436,2352.021,2304.27,2324.293
2013-03-08,2326.417,2333.667,2314.587,2318.611
2013-03-11,2314.683,2320.961,2296.583,2310.593
2013-03-12,2309.158,2333.286,2264.829,2286.605
2013-03-13,2282.17,2286.329,2253.249,2263.968
2013-03-14,2255.775,2276.222,2253.31,2270.277
2013-03-15,2269.315,2312.078,2250.005,2278.401
2013-03-18,2267.287,2276.05,2239.214,2240.016
2013-03-19,2244.265,2261.314,2232.023,2257.434
2013-03-20,2257.737,2317.86,2257.421,2317.374
2013-03-21,2318.205,2330.813,2311.603,2324.242
2013-03-22,2321.403,2331.995,2314.967,2328.278
2013-03-25,2334.735,2344.894,2319.908,2326.715
2013-03-26,2318.578,2319.988,2281.118,2297.669
2013-03-27,2299.377,2323.477,2288.995,2301.259
2013-03-28,2273.552,2273.552,2232.906,2236.302
2013-03-29,2238.485,2246.868,2228.813,2236.621
2013-04-01,2229.46,2243.949,2227.314,2234.395
2013-04-02,2234.901,2253.421,2220.439,2227.74
2013-04-03,2232.694,2241.34,2217.252,2225.295
2013-04-08,2196.238,2212.586,2180.673,2211.592
2013-04-09,2215.467,2234.725,2215.467,2225.775
2013-04-10,2224.934,2233.04,2212.561,2226.126
2013-04-11,2236.983,2242.479,2217.265,2219.553
2013-04-12,2218.095,2226.262,2204.438,2206.78
2013-04-15,2199.914,2204.987,2177.388,2181.942
2013-04-16,2169.63,2196.432,2165.784,2194.846
2013-04-17,2195.032,2197.508,2178.468,2193.796
2013-04-18,2181.822,2206.027,2175.444,2197.602
2013-04-19,2201.122,2250.11,2200.584,2244.643
2013-04-22,2236.402,2245.119,2232.258,2242.169
2013-04-23,2242.616,2242.616,2182.806,2184.538
2013-04-24,2187.349,2226.117,2184.109,2218.318
2013-04-25,2213.185,2224.63,2191.848,2199.307
2013-04-26,2203.889,2210.581,2173.864,2177.912
2013-05-02,2170.783,2179.647,2161.14,2174.123
2013-05-03,2179.049,2222.811,2179.049,2205.497
2013-05-06,2212.495,2236.066,2212.495,2231.166
2013-05-07,2227.861,2240.256,2219.435,2235.575
2013-05-08,2242.393,2255.208,2235.417,2246.3
2013-05-09,2246.963,2247.864,2221.384,2232.971
2013-05-10,2228.819,2247.674,2225.812,2246.831
2013-05-13,2247.678,2250.854,2231.363,2241.92
2013-05-14,2238.904,2239.926,2205.873,2217.01
2013-05-15,2217.086,2225.186,2213.582,2224.797
2013-05-16,2221.337,2252.872,2210.77,2251.806
2013-05-17,2249.811,2288.091,2248.413,2282.87
2013-05-20,2286.328,2309.392,2281.899,2299.986
2013-05-21,2297.11,2305.301,2290.124,2305.114
2013-05-22,2303.75,2314.183,2292.431,2302.403
2013-05-23,2293.809,2304.953,2274.102,2275.667
2013-05-24,2281.445,2292.595,2270.25,2288.533
2013-05-27,2286.661,2301.702,2283.935,2293.077
2013-05-28,2293.4,2322.099,2281.468,2321.318
2013-05-29,2323.539,2334.335,2321.166,2324.017
2013-05-30,2316.253,2325.721,2310.492,2317.749
2013-05-31,2320.739,2325.534,2299.369,2300.595
2013-06-03,2300.209,2313.425,2294.113,2299.252
2013-06-04,2297.1,2297.1,2264.761,2272.416
2013-06-05,2270.712,2276.865,2260.871,2270.931
2013-06-06,2264.425,2266.692,2240.07,2242.11
2013-06-07,2242.263,2250.629,2205.066,2210.898
2013-06-13,2190.101,2190.101,2126.216,2148.355
2013-06-14,2150.06,2163.846,2142.78,2162.041
2013-06-17,2165.994,2169.356,2147.029,2156.215
2013-06-18,2158.546,2161.681,2138.347,2159.291
2013-06-19,2150.816,2150.816,2115.793,2143.454
2013-06-20,2132.813,2132.813,2082.825,2084.021
2013-06-21,2058.978,2085.86,2042.879,2073.095
2013-06-24,2068.862,2068.862,1958.401,1963.235
2013-06-25,1948.315,1963.566,1849.653,1959.508
2013-06-26,1954.474,1959.158,1922.824,1951.495
2013-06-27,1955.126,1980.54,1942.371,1950.013
2013-06-28,1935.516,1987.984,1925.651,1979.206
2013-07-01,1965.987,1995.916,1957.571,1995.242
2013-07-02,1992.89,2007.62,1978.428,2006.56
2013-07-03,1996.506,1996.537,1965.519,1994.268
2013-07-04,1982.87,2022.136,1974.103,2006.098
2013-07-05,2006.191,2021.541,2002.367,2007.199
2013-07-08,1983.215,1983.215,1953.121,1958.273
2013-07-09,1953.602,1969.149,1946.366,1965.454
2013-07-10,1962.84,2009.36,1960.277,2008.126
2013-07-11,2011.02,2092.868,2010.4,2072.991
2013-07-12,2068.044,2074.857,2036.05,2039.486
2013-07-15,2046.119,2076.665,2037.248,2059.39
2013-07-16,2054.6,2066.363,2038.535,2065.72
2013-07-17,2061.186,2075.813,2043.231,2044.922
2013-07-18,2038.4,2043.372,2016.899,2023.396
2013-07-19,2025.317,2035.22,1990.253,1992.648
2013-07-22,1977.733,2005.474,1970.639,2004.762
2013-07-23,2008.955,2051.526,2005.092,2043.876
2013-07-24,2035.691,2042.773,2010.424,2033.329
2013-07-25,2037.336,2045.365,2016.431,2021.174
2013-07-26,2013.19,2021.574,2000.797,2010.85
2013-07-29,1997.838,1997.838,1969.853,1976.306
2013-07-30,1981.452,2006.232,1965.361,1990.064
2013-07-31,2000.794,2015.472,1987.88,1993.799
2013-08-01,2000.818,2029.928,1997.058,2029.067
2013-08-02,2039.514,2047.084,2025.654,2029.418
2013-08-05,2031.724,2050.911,2025.226,2050.481
2013-08-06,2043.653,2066.74,2034.957,2060.5
2013-08-07,2056.367,2069.561,2043.75,2046.778
2013-08-08,2044.436,2058.561,2037.251,2044.895
2013-08-09,2052.244,2061.708,2030.127,2052.235
2013-08-12,2058.416,2102.347,2055.715,2101.283
2013-08-13,2101.324,2106.397,2093.796,2106.156
2013-08-14,2109.225,2122.965,2093.043,2100.137
2013-08-15,2099.279,2108.405,2079.969,2081.88
2013-08-16,2075.983,2198.848,2061.654,2068.452
2013-08-19,2055.128,2091.132,2052.703,2085.602
2013-08-20,2081.966,2098.98,2066.072,2072.595
2013-08-21,2076.271,2076.317,2056.913,2072.961
2013-08-22,2069.313,2083.333,2062.367,2067.124
2013-08-23,2075.929,2079.846,2029.365,2057.458
2013-08-26,2061.417,2097.344,2056.133,2096.474
2013-08-27,2095.44,2105.376,2090.425,2103.567
2013-08-28,2092.311,2113.817,2080.861,2101.301
2013-08-29,2108.436,2110.894,2088.236,2097.227
2013-08-30,2097.217,2114.393,2089.095,2098.382
2013-09-02,2104.09,2108.683,2078.455,2098.448
2013-09-03,2100.449,2123.847,2095.455,2123.112
2013-09-04,2121.68,2132.996,2115.753,2127.618
2013-09-05,2125.255,2127.855,2115.236,2122.43
2013-09-06,2119.333,2143.244,2119.021,2139.993
2013-09-09,2151.347,2218.529,2151.347,2212.516
2013-09-10,2214.814,2238.551,2202.817,2237.984
2013-09-11,2244.962,2258.075,2233.003,2241.268
2013-09-12,2236.171,2270.268,2226.288,2255.605
2013-09-13,2251.462,2259.424,2228.483,2236.217
2013-09-16,2244.463,2248.471,2226.171,2231.401
2013-09-17,2230.388,2230.929,2184.922,2185.56
2013-09-18,2185.936,2195.904,2172.043,2191.851
2013-09-23,2199.361,2223.068,2198.336,2221.044
2013-09-24,2219.467,2219.543,2187.236,2207.531
2013-09-25,2206.225,2217.974,2193.722,2198.515
2013-09-26,2192.226,2192.226,2154.721,2155.809
2013-09-27,2150.961,2165.777,2149.594,2160.027
2013-09-30,2167.734,2176.303,2165.162,2174.665
2013-10-08,2171.904,2200.018,2161.489,2198.199
2013-10-09,2191.392,2212.347,2185.181,2211.769
2013-10-10,2214.405,2214.592,2186.48,2190.929
2013-10-11,2201.409,2228.871,2200.53,2228.146
2013-10-14,2232.218,2242.984,2226.403,2237.773
2013-10-15,2237.931,2240.25,2221.139,2233.412
2013-10-16,2228.113,2228.113,2183.403,2193.074
2013-10-17,2201.71,2211.03,2183.246,2188.542
2013-10-18,2188.714,2203.291,2184.36,2193.78
2013-10-21,2198.114,2230.285,2190.394,2229.237
2013-10-22,2227.341,2227.341,2204.244,2210.652
2013-10-23,2213.274,2226.847,2177.725,2183.107
2013-10-24,2178.82,2183.412,2159.871,2164.322
2013-10-25,2163.689,2170.612,2122.678,2132.955
2013-10-28,2135.879,2140.957,2123.069,2133.869
2013-10-29,2135.226,2163.657,2093.197,2128.864
2013-10-30,2126.69,2161.935,2121.841,2160.463
2013-10-31,2155.511,2155.511,2137.466,2141.614
2013-11-01,2139.88,2157.313,2132.629,2149.562
2013-11-04,2156.087,2160.578,2143.207,2149.634
2013-11-05,2139.837,2158.148,2124.845,2157.24
2013-11-06,2149.39,2166.171,2138.78,2139.607
2013-11-07,2136.627,2141.6,2119.186,2129.4
2013-11-08,2120.923,2128.581,2103.51,2106.127
2013-11-11,2103.299,2117.28,2093.626,2109.471
2013-11-12,2110.724,2127.938,2108.396,2126.772
2013-11-13,2117.886,2117.912,2086.006,2087.941
2013-11-14,2087.119,2102.38,2078.988,2100.506
2013-11-15,2100.9,2153.213,2100.786,2135.827
2013-11-18,2147.373,2198.316,2143.768,2197.219
2013-11-19,2198.318,2203.297,2186.114,2193.125
2013-11-20,2201.474,2207.105,2186.642,2206.613
2013-11-21,2197.008,2206.531,2177.735,2205.766
2013-11-22,2206.471,2211.066,2188.767,2196.378
2013-11-25,2186.058,2209.148,2181.418,2186.115
2013-11-26,2184.332,2192.579,2176.177,2183.073
2013-11-27,2181.725,2207.617,2176.847,2201.07
2013-11-28,2204.378,2234.387,2202.623,2219.372
2013-11-29,2221.618,2224.944,2212.263,2220.504
2013-12-02,2203.122,2231.921,2172.633,2207.371
2013-12-03,2196.824,2227.925,2193.251,2222.67
2013-12-04,2219.965,2260.871,2215.916,2251.762
2013-12-05,2252.723,2255.261,2239.144,2247.063
2013-12-06,2242.563,2248.147,2228.632,2237.108
2013-12-09,2241.793,2249.169,2231.734,2238.2
2013-12-10,2239.864,2250.504,2231.68,2237.492
2013-12-11,2228.633,2228.633,2193.16,2204.166
2013-12-12,2199.317,2214.548,2194.901,2202.796
2013-12-13,2188.259,2204.637,2183.842,2196.075
2013-12-16,2197.234,2201.696,2159.987,2160.861
2013-12-17,2161.536,2165.543,2146.314,2151.079
2013-12-18,2150.412,2156.593,2142.624,2148.285
2013-12-19,2153.674,2159.142,2126.246,2127.792
2013-12-20,2128.374,2131.737,2082.855,2084.794
2013-12-23,2089.539,2099.522,2068.543,2089.707
2013-12-24,2094.073,2111.805,2079.81,2092.905
2013-12-25,2095.019,2107.232,2088.297,2106.354
2013-12-26,2102.66,2102.66,2070.546,2073.099
2013-12-27,2074.592,2110.357,2069.59,2101.251
2013-12-30,2108.883,2112.009,2095.063,2097.529
2013-12-31,2090.679,2120.274,2087.415,2115.978
2014-01-02,2112.126,2113.11,2101.016,2109.387
2014-01-03,2101.542,2102.167,2075.899,2083.136
2014-01-06,2078.684,2078.684,2034.006,2045.709
2014-01-07,2034.224,2052.279,2029.246,2047.317
2014-01-08,2047.256,2062.952,2037.11,2044.34
2014-01-09,2041.773,2057.196,2026.446,2027.622
2014-01-10,2023.535,2029.297,2008.007,2013.298
2014-01-13,2014.978,2027.181,2000.404,2009.564
2014-01-14,2007.156,2027.428,2001.135,2026.842
2014-01-15,2024.228,2027.409,2010.204,2023.348
2014-01-16,2022.538,2034.707,2014.407,2023.701
2014-01-17,2017.522,2017.868,2001.33,2004.949
2014-01-20,2001.894,2005.938,1984.824,1991.253
2014-01-21,1992.015,2014.152,1992.015,2008.313
2014-01-22,2009.969,2052.339,2008.93,2051.749
2014-01-23,2048.331,2052.528,2039.052,2042.18
2014-01-24,2037.667,2060.986,2034.453,2054.392
2014-01-27,2044.272,2044.846,2029.626,2033.3
2014-01-28,2036.402,2047.129,2026.987,2038.513
2014-01-29,2042.176,2051.583,2039.771,2049.914
2014-01-30,2045.931,2045.931,2031.466,2033.083
2014-02-07,2022.323,2044.73,2014.698,2044.497
2014-02-10,2049.984,2087.975,2049.984,2086.067
2014-02-11,2086.177,2111.061,2082.522,2103.671
2014-02-12,2103.828,2110.904,2096.509,2109.955
2014-02-13,2106.934,2122.826,2096.966,2098.401
2014-02-14,2097.32,2116.186,2095.09,2115.848
2014-02-17,2124.88,2136.447,2117.689,2135.415
2014-02-18,2134.143,2134.143,2113.128,2119.066
2014-02-19,2116.919,2152.961,2111.168,2142.554
2014-02-20,2152.891,2177.978,2136.481,2138.782
2014-02-21,2131.592,2132.703,2098.328,2113.693
2014-02-24,2099.717,2099.717,2058.791,2076.686
2014-02-25,2077.285,2087.616,2026.543,2034.219
2014-02-26,2026.61,2041.627,2014.381,2041.254
2014-02-27,2045.096,2068.314,2036.391,2047.354
2014-02-28,2040.624,2058.489,2020.935,2056.302
2014-03-03,2052.075,2078.333,2047.067,2075.235
2014-03-04,2068.107,2074.025,2050.125,2071.473
2014-03-05,2073.295,2074.815,2050.175,2053.084
2014-03-06,2050.032,2065.79,2030.946,2059.578
2014-03-07,2058.375,2079.49,2050.47,2057.908
2014-03-10,2042.352,2042.634,1995.549,1999.065
2014-03-11,1994.415,2008.071,1985.599,2001.157
2014-03-12,1996.239,2011.06,1974.382,1997.692
2014-03-13,2000.695,2029.12,1996.529,2019.111
2014-03-14,2008.825,2017.913,1990.98,2004.339
2014-03-17,2009.882,2024.372,1999.249,2023.673
2014-03-18,2026.224,2034.917,2020.41,2025.196
2014-03-19,2019.98,2022.181,2002.441,2021.734
2014-03-20,2017.22,2030.847,1993.002,1993.479
2014-03-21,1987.679,2052.472,1986.071,2047.619
2014-03-24,2050.827,2074.056,2043.33,2066.279
2014-03-25,2063.323,2079.551,2057.491,2067.311
2014-03-26,2070.574,2074.572,2057.648,2063.67
2014-03-27,2060.812,2073.982,2042.713,2046.588
2014-03-28,2046.851,2060.134,2035.243,2041.712
2014-03-31,2043.045,2048.134,2024.185,2033.306
2014-04-01,2031.005,2050.681,2028.096,2047.46
2014-04-02,2049.423,2060.778,2046.742,2058.988
2014-04-03,2063.497,2066.007,2037.447,2043.702
2014-04-04,2037.552,2060.104,2035.221,2058.831
2014-04-08,2054.53,2102.452,2052.9,2098.284
2014-04-09,2100.651,2108.75,2095.64,2105.237
2014-04-10,2105.876,2146.67,2098.079,2134.3
2014-04-11,2130.368,2138.651,2120.179,2130.542
2014-04-14,2127.409,2134.434,2116.61,2131.539
2014-04-15,2125.902,2125.902,2098.15,2101.601
2014-04-16,2097.213,2112.05,2092.157,2105.122
2014-04-17,2108.947,2110.716,2095.714,2098.885
2014-04-18,2091.48,2099.637,2081.185,2097.748
2014-04-21,2085.98,2103.078,2065.234,2065.826
2014-04-22,2062.787,2073.663,2047.332,2072.831
2014-04-23,2068.084,2076.349,2059.109,2067.382
2014-04-24,2064.156,2075.757,2056.193,2057.033
2014-04-25,2060.538,2065.643,2035.566,2036.519
2014-04-28,2033.337,2035.99,2000.137,2003.487
2014-04-29,2001.896,2021.68,1997.64,2020.341
2014-04-30,2020.438,2029.538,2016.577,2026.358
2014-05-05,2022.178,2028.957,2007.351,2027.353
2014-05-06,2024.256,2038.705,2021.485,2028.038
2014-05-07,2023.152,2024.631,2008.451,2010.083
2014-05-08,2006.853,2036.941,2005.685,2015.274
2014-05-09,2016.501,2020.454,2001.3,2011.135
2014-05-12,2022.932,2055.506,2016.638,2052.871
2014-05-13,2055.079,2061.06,2043.547,2050.728
2014-05-14,2049.27,2056.574,2042.744,2047.91
2014-05-15,2044.377,2047.316,2022.861,2024.974
2014-05-16,2023.596,2027.756,2012.694,2026.504
2014-05-19,2023.014,2023.267,1996.015,2005.183
2014-05-20,2011.846,2018.156,2002.759,2008.119
2014-05-21,2001.306,2025.194,1991.055,2024.951
2014-05-22,2023.148,2041.96,2018.877,2021.285
2014-05-23,2020.115,2034.569,2017.739,2034.569
2014-05-26,2042.028,2045.381,2035.094,2041.476
2014-05-27,2039.791,2044.148,2032.839,2034.565
2014-05-28,2034.561,2052.656,2029.336,2050.228
2014-05-29,2051.84,2057.077,2039.238,2040.595
2014-05-30,2040.394,2046.96,2031.373,2039.212
2014-06-03,2039.196,2049.576,2037.3,2038.305
2014-06-04,2037.989,2038.481,2012.913,2024.834
2014-06-05,2019.442,2041.701,2016.175,2040.878
2014-06-06,2040.864,2041.573,2022.158,2029.956
2014-06-09,2024.942,2045.255,2023.198,2030.502
2014-06-10,2033.207,2052.765,2026.389,2052.532
2014-06-11,2049.128,2056.631,2045.407,2054.948
2014-06-12,2051.582,2057.105,2045.962,2051.713
2014-06-13,2049.206,2073.596,2048.618,2070.715
2014-06-16,2070.699,2087.322,2069.441,2085.983
2014-06-17,2080.482,2080.482,2064.666,2066.698
2014-06-18,2064.383,2066.913,2051.746,2055.519
2014-06-19,2054.62,2059.255,2017.653,2023.735
2014-06-20,2013.414,2027.148,2010.53,2026.674
2014-06-23,2026.226,2033.32,2022.917,2024.365
2014-06-24,2023.699,2034.707,2021.75,2033.931
2014-06-25,2030.433,2030.616,2018.36,2025.502
2014-06-26,2025.662,2040.754,2025.314,2038.677
2014-06-27,2031.907,2043.982,2025.073,2036.51
2014-06-30,2038.613,2052.342,2038.527,2048.327
2014-07-01,2051.225,2052.635,2041.937,2050.381
2014-07-02,2049.485,2060.595,2044.035,2059.418
2014-07-03,2051.632,2066.641,2048.081,2063.229
2014-07-04,2062.358,2065.078,2054.217,2059.375
2014-07-07,2058.128,2064.043,2050.887,2059.927
2014-07-08,2058.134,2064.433,2047.204,2064.021
2014-07-09,2061.635,2062.474,2037.601,2038.612
2014-07-10,2036.54,2045.527,2034.956,2038.342
2014-07-11,2033.869,2051.737,2033.004,2046.961
2014-07-14,2047.744,2067.342,2044.901,2066.646
2014-07-15,2065.9,2070.358,2059.679,2070.357
2014-07-16,2068.343,2075.493,2061.572,2067.276
2014-07-17,2062.888,2062.888,2046.189,2055.591
2014-07-18,2047.498,2067.233,2045.996,2059.067
2014-07-21,2057.767,2061.823,2049.175,2054.479
2014-07-22,2050.5,2078.085,2049.815,2075.481
2014-07-23,2074.195,2088.192,2072.229,2078.489
2014-07-24,2079.632,2107.946,2079.632,2105.062
2014-07-25,2108.714,2127.217,2106.714,2126.614
2014-07-28,2135.249,2181.496,2135.249,2177.948
2014-07-29,2179.826,2193.523,2172.102,2183.192
2014-07-30,2178.179,2194.572,2177.244,2181.243
2014-07-31,2179.543,2202.126,2173.9,2201.562
2014-08-01,2194.17,2218.789,2184.641,2185.303
2014-08-04,2190.036,2224.068,2186.917,2223.331
2014-08-05,2224.632,2226.838,2206.85,2219.945
2014-08-06,2212.003,2223.893,2192.993,2217.465
2014-08-07,2216.659,2220.568,2185.763,2187.669
2014-08-08,2188.709,2199.578,2180.597,2194.425
2014-08-11,2199.433,2225.961,2198.314,2224.654
2014-08-12,2222.696,2222.979,2210.0,2221.595
2014-08-13,2223.051,2230.991,2202.443,2222.877
2014-08-14,2221.541,2230.894,2204.384,2206.466
2014-08-15,2207.226,2230.872,2203.242,2226.734
2014-08-18,2229.804,2242.035,2228.134,2239.466
2014-08-19,2242.34,2246.016,2227.925,2245.33
2014-08-20,2241.664,2248.939,2233.892,2240.211
2014-08-21,2239.568,2240.077,2211.63,2230.458
2014-08-22,2228.974,2243.303,2225.267,2240.812
2014-08-25,2241.1,2241.553,2222.009,2229.274
2014-08-26,2225.291,2232.785,2200.618,2207.106
2014-08-27,2207.03,2216.67,2204.048,2209.465
2014-08-28,2210.484,2219.473,2194.861,2195.818
2014-08-29,2198.946,2218.696,2193.263,2217.2
2014-09-01,2220.129,2236.286,2217.685,2235.511
2014-09-02,2239.684,2267.509,2234.378,2266.046
2014-09-03,2268.395,2290.547,2268.1,2288.627
2014-09-04,2290.029,2307.701,2283.277,2306.862
2014-09-05,2311.305,2327.557,2307.447,2326.432
2014-09-09,2328.426,2331.917,2315.894,2326.527
2014-09-10,2318.496,2321.908,2306.421,2318.305
2014-09-11,2315.732,2343.595,2304.602,2311.679
2014-09-12,2308.346,2331.95,2302.775,2331.95
2014-09-15,2330.187,2340.449,2321.593,2339.14
2014-09-16,2341.027,2347.935,2293.869,2296.555
2014-09-17,2298.982,2309.048,2282.795,2307.893
2014-09-18,2303.85,2319.875,2297.931,2315.928
2014-09-19,2312.984,2331.561,2305.517,2329.451
2014-09-22,2323.554,2323.554,2284.378,2289.866
2014-09-23,2289.091,2311.525,2289.024,2309.718
2014-09-24,2302.231,2345.747,2297.876,2343.575
2014-09-25,2352.865,2365.154,2336.805,2345.103
2014-09-26,2339.288,2350.109,2329.955,2347.718
2014-09-29,2353.708,2363.059,2346.579,2357.711
2014-09-30,2361.318,2365.491,2354.268,2363.87
2014-10-08,2368.576,2382.794,2354.29,2382.794
2014-10-09,2383.859,2391.348,2367.111,2389.371
2014-10-10,2380.755,2386.277,2365.075,2374.54
2014-10-13,2366.426,2366.862,2341.124,2366.009
2014-10-14,2362.802,2380.515,2349.194,2359.475
2014-10-15,2358.233,2374.808,2344.373,2373.67
2014-10-16,2361.13,2389.675,2353.406,2356.499
2014-10-17,2352.784,2360.597,2312.826,2341.184
2014-10-20,2346.052,2357.509,2340.459,2356.728
2014-10-21,2355.033,2361.653,2337.551,2339.657
2014-10-22,2339.223,2352.124,2324.59,2326.553
2014-10-23,2322.316,2329.927,2297.33,2302.418
2014-10-24,2303.08,2314.875,2296.657,2302.28
2014-10-27,2293.573,2293.644,2279.836,2290.437
2014-10-28,2294.012,2338.278,2294.012,2337.871
2014-10-29,2343.72,2381.643,2339.712,2373.03
2014-10-30,2371.891,2397.256,2365.919,2391.076
2014-10-31,2393.178,2423.596,2384.483,2420.178
2014-11-03,2425.225,2436.785,2418.167,2430.032
2014-11-04,2428.271,2435.223,2417.221,2430.677
2014-11-05,2432.169,2434.363,2415.502,2419.254
2014-11-06,2419.617,2426.89,2401.75,2425.864
2014-11-07,2427.898,2454.423,2407.442,2418.171
2014-11-10,2436.628,2474.156,2428.185,2473.673
2014-11-11,2483.648,2508.623,2445.96,2469.673
2014-11-12,2454.602,2494.917,2444.814,2494.476
2014-11-13,2494.998,2507.743,2471.407,2485.606
2014-11-14,2477.966,2481.025,2457.045,2478.824
2014-11-17,2506.864,2508.767,2472.446,2474.009
2014-11-18,2474.182,2477.052,2449.813,2456.366
2014-11-19,2452.15,2461.491,2442.71,2450.986
2014-11-20,2443.276,2458.319,2437.476,2452.66
2014-11-21,2452.635,2488.201,2446.646,2486.791
2014-11-24,2505.532,2546.746,2495.521,2532.879
2014-11-25,2531.998,2568.381,2527.077,2567.597
2014-11-26,2572.649,2605.07,2570.404,2604.345
2014-11-27,2615.367,2631.399,2599.108,2630.486
2014-11-28,2629.626,2683.18,2622.061,2682.835
2014-12-01,2691.725,2720.743,2668.841,2680.155
2014-12-02,2667.82,2777.372,2665.686,2763.545
2014-12-03,2768.678,2824.179,2733.868,2779.525
2014-12-04,2783.469,2900.508,2772.432,2899.456
2014-12-05,2926.573,2978.029,2813.052,2937.647
2014-12-08,2907.815,3041.657,2879.847,3020.258
2014-12-09,2992.49,3091.324,2834.592,2856.269
2014-12-10,2855.94,2946.707,2807.678,2940.006
2014-12-11,2912.346,2965.675,2892.611,2925.743
2014-12-12,2929.36,2962.51,2914.956,2938.173
2014-12-15,2921.446,2960.227,2890.904,2953.421
2014-12-16,2953.811,3021.897,2943.912,3021.518
2014-12-17,3031.952,3076.599,2993.333,3061.02
2014-12-18,3062.801,3089.791,3030.319,3057.521
2014-12-19,3053.075,3117.527,3018.421,3108.596
2014-12-22,3129.267,3189.867,3090.509,3127.445
2014-12-23,3085.08,3136.838,3025.667,3032.612
2014-12-24,3039.206,3050.507,2934.911,2972.532
2014-12-25,2992.462,3073.345,2969.874,3072.536
2014-12-26,3078.005,3164.155,3064.176,3157.603
2014-12-29,3212.559,3223.86,3126.944,3168.016
2014-12-30,3160.801,3190.299,3130.353,3165.815
2014-12-31,3172.597,3239.357,3157.259,3234.677
2015-01-05,3258.627,3369.281,3253.883,3350.519
2015-01-06,3330.799,3394.224,3303.184,3351.446
2015-01-07,3326.649,3374.896,3312.211,3373.954
2015-01-08,3371.957,3381.566,3285.095,3293.456
2015-01-09,3276.965,3404.834,3267.509,3285.412
2015-01-12,3258.213,3275.185,3191.582,3229.316
2015-01-13,3223.542,3259.386,3214.412,3235.301
2015-01-14,3242.337,3268.483,3193.978,3222.437
2015-01-15,3224.07,3337.084,3207.545,3336.455
2015-01-16,3343.603,3400.318,3340.49,3376.495
2015-01-19,3189.727,3262.207,3095.066,3116.351
2015-01-20,3114.56,3190.245,3100.477,3173.052
2015-01-21,3189.085,3337.004,3178.343,3323.611
2015-01-22,3327.319,3352.384,3293.978,3343.344
2015-01-23,3357.096,3406.786,3328.293,3351.764
2015-01-26,3347.257,3384.798,3321.315,3383.182
2015-01-27,3389.853,3390.216,3290.219,3352.96
2015-01-28,3325.722,3354.802,3294.655,3305.738
2015-01-29,3258.997,3286.786,3234.241,3262.305
2015-01-30,3273.747,3288.503,3210.308,3210.363
2015-02-02,3148.136,3175.134,3122.572,3128.3
2015-02-03,3156.086,3207.935,3129.732,3204.907
2015-02-04,3212.822,3238.982,3171.144,3174.126
2015-02-05,3251.212,3251.212,3135.819,3136.531
2015-02-06,3120.09,3129.539,3052.939,3075.907
2015-02-09,3063.51,3119.034,3049.111,3095.124
2015-02-10,3090.49,3142.099,3084.253,3141.593
2015-02-11,3145.765,3166.421,3139.052,3157.704
2015-02-12,3157.959,3181.766,3134.244,3173.416
2015-02-13,3186.808,3237.159,3182.794,3203.827
2015-02-16,3206.137,3228.846,3195.884,3222.363
2015-02-17,3230.884,3255.725,3230.772,3246.906
2015-02-25,3256.479,3257.223,3215.552,3228.843
2015-02-26,3222.151,3300.616,3202.188,3298.359
2015-02-27,3296.831,3324.546,3291.007,3310.303
2015-03-02,3332.721,3336.76,3298.669,3336.285
2015-03-03,3317.695,3317.695,3260.429,3263.052
2015-03-04,3264.182,3286.588,3250.484,3279.533
2015-03-05,3264.085,3266.638,3221.666,3248.476
2015-03-06,3248.036,3266.933,3234.533,3241.187
2015-03-09,3224.314,3307.702,3198.37,3302.408
2015-03-10,3289.085,3309.915,3277.095,3286.068
2015-03-11,3289.594,3325.054,3278.471,3290.9
2015-03-12,3314.813,3360.054,3300.488,3349.323
2015-03-13,3359.488,3391.255,3352.15,3372.911
2015-03-16,3391.158,3449.305,3377.087,3449.305
2015-03-17,3469.603,3504.123,3459.694,3502.847
2015-03-18,3510.501,3577.662,3503.853,3577.301
2015-03-19,3576.019,3600.684,3546.844,3582.271
2015-03-20,3587.084,3632.338,3569.38,3617.318
2015-03-23,3640.104,3688.249,3635.485,3687.728
2015-03-24,3692.569,3715.873,3600.698,3691.41
2015-03-25,3680.953,3693.151,3634.559,3660.727
2015-03-26,3641.942,3707.318,3615.011,3682.095
2015-03-27,3686.134,3710.477,3656.831,3691.096
2015-03-30,3710.612,3795.935,3710.612,3786.568
2015-03-31,3822.987,3835.567,3737.043,3747.899
2015-04-01,3748.34,3817.082,3742.213,3810.294
2015-04-02,3827.689,3835.451,3775.894,3825.784
2015-04-03,3803.383,3864.405,3792.211,3863.929
2015-04-07,3899.42,3961.666,3891.728,3961.378
2015-04-08,3976.532,4000.22,3903.648,3994.811
2015-04-09,4006.13,4016.396,3900.027,3957.534
2015-04-10,3947.492,4040.348,3929.319,4034.31
2015-04-13,4072.723,4128.072,4057.293,4121.715
2015-04-14,4125.782,4168.346,4091.257,4135.565
2015-04-15,4135.648,4175.494,4069.007,4084.163
2015-04-16,4055.916,4195.305,4031.244,4194.823
2015-04-17,4254.723,4317.223,4238.91,4287.296
2015-04-20,4301.352,4356.001,4190.681,4217.077
2015-04-21,4212.185,4294.375,4188.569,4293.623
2015-04-22,4304.597,4400.193,4297.951,4398.494
2015-04-23,4414.485,4444.41,4358.844,4414.508
2015-04-24,4355.951,4416.376,4318.119,4393.686
2015-04-27,4441.929,4529.735,4441.929,4527.396
2015-04-28,4527.635,4572.391,4432.904,4476.215
2015-04-29,4446.119,4499.945,4398.639,4476.62
2015-04-30,4483.013,4507.344,4441.054,4441.655
2015-05-04,4441.343,4487.57,4387.426,4480.464
2015-05-05,4479.848,4488.865,4282.237,4298.706
2015-05-06,4311.641,4376.353,4187.368,4229.266
2015-05-07,4197.896,4213.764,4108.009,4112.214
2015-05-08,4152.984,4206.86,4099.042,4205.917
2015-05-11,4231.271,4334.877,4187.82,4333.584
2015-05-12,4342.37,4402.309,4317.975,4401.219
2015-05-13,4402.378,4415.629,4342.481,4375.76
2015-05-14,4372.816,4397.745,4329.042,4378.311
2015-05-15,4366.822,4366.822,4278.553,4308.691
2015-05-18,4277.895,4324.826,4260.509,4283.491
2015-05-19,4285.777,4418.403,4285.777,4417.552
2015-05-20,4434.979,4520.538,4432.279,4446.288
2015-05-21,4456.435,4530.478,4438.258,4529.422
2015-05-22,4584.984,4658.273,4562.989,4657.596
2015-05-25,4660.075,4814.672,4656.825,4813.798
2015-05-26,4854.85,4911.685,4779.075,4910.897
2015-05-27,4932.846,4958.156,4857.056,4941.714
2015-05-28,4943.742,4986.503,4614.241,4620.266
2015-05-29,4603.465,4698.193,4431.563,4611.744
2015-06-01,4633.098,4829.502,4615.231,4828.738
2015-06-02,4844.704,4911.574,4797.552,4910.527
2015-06-03,4924.381,4942.065,4822.442,4909.978
2015-06-04,4912.945,4947.965,4647.407,4947.102
2015-06-05,5016.088,5051.626,4898.068,5023.096
2015-06-08,5045.694,5146.949,4997.481,5131.881
2015-06-09,5145.978,5147.454,5042.963,5113.534
2015-06-10,5049.197,5164.162,5001.489,5106.036
2015-06-11,5101.44,5122.457,5050.765,5121.593
2015-06-12,5143.343,5178.191,5103.401,5166.35
2015-06-15,5174.418,5176.795,5048.742,5062.993
2015-06-16,5004.412,5029.684,4842.1,4887.432
2015-06-17,4890.551,4983.658,4767.216,4967.898
2015-06-18,4942.52,4966.767,4780.873,4785.356
2015-06-19,4689.929,4744.081,4476.501,4478.364
2015-06-23,4471.613,4577.939,4264.772,4576.492
2015-06-24,4604.579,4691.768,4552.129,4690.15
2015-06-25,4711.763,4720.701,4483.548,4527.779
2015-06-26,4399.933,4456.896,4139.53,4192.873
2015-06-29,4289.771,4297.475,3875.05,4053.03
2015-06-30,4006.754,4279.969,3847.88,4277.222
2015-07-01,4214.15,4317.053,4043.367,4053.7
2015-07-02,4058.624,4080.387,3795.253,3912.767
2015-07-03,3793.712,3927.128,3629.556,3686.915
2015-07-06,3975.214,3975.214,3653.037,3775.912
2015-07-07,3654.778,3750.57,3585.399,3727.125
2015-07-08,3467.399,3599.253,3421.525,3507.192
2015-07-09,3432.454,3748.479,3373.54,3709.33
2015-07-10,3707.458,3959.22,3677.435,3877.803
2015-07-13,3918.99,4030.195,3858.637,3970.388
2015-07-14,3958.373,4035.435,3855.56,3924.487
2015-07-15,3874.968,3914.273,3741.25,3805.703
2015-07-16,3758.505,3877.514,3688.442,3823.176
2015-07-17,3831.421,3994.477,3814.147,3957.352
2015-07-20,3948.421,4021.326,3927.121,3992.11
2015-07-21,3939.898,4041.819,3912.801,4017.675
2015-07-22,3996.427,4042.338,3960.864,4026.045
2015-07-23,4022.268,4132.612,4019.038,4123.923
2015-07-24,4124.755,4184.449,4044.831,4070.908
2015-07-27,3985.57,4051.159,3720.444,3725.558
2015-07-28,3573.143,3762.526,3537.358,3663.002
2015-07-29,3689.825,3792.072,3612.064,3789.168
2015-07-30,3773.788,3844.374,3685.956,3705.766
2015-07-31,3655.667,3729.512,3620.165,3663.726
2015-08-03,3614.99,3648.943,3549.496,3622.905
2015-08-04,3621.855,3757.029,3601.289,3756.545
2015-08-05,3745.646,3782.352,3676.39,3694.573
2015-08-06,3625.504,3710.57,3614.742,3661.539
2015-08-07,3692.614,3756.74,3686.3,3744.205
2015-08-10,3786.033,3943.624,3775.854,3928.415
2015-08-11,3928.808,3970.337,3891.179,3927.908
2015-08-12,3881.228,3937.772,3871.136,3886.32
2015-08-13,3869.911,3955.789,3838.159,3954.556
2015-08-14,3976.405,4000.684,3939.835,3965.335
2015-08-17,3947.844,3994.537,3907.399,3993.668
2015-08-18,3999.134,4006.337,3743.394,3748.164
2015-08-19,3646.803,3811.427,3558.383,3794.109
2015-08-20,3754.567,3788.005,3663.607,3664.291
2015-08-21,3609.959,3652.837,3490.54,3507.744
2015-08-24,3373.478,3388.364,3191.879,3209.905
2015-08-25,3004.126,3123.034,2947.944,2964.967
2015-08-26,2980.794,3092.041,2850.714,2927.288
2015-08-27,2978.03,3085.422,2906.49,3083.591
2015-08-28,3125.264,3235.839,3102.945,3232.35
2015-08-31,3203.559,3207.862,3109.163,3205.986
2015-09-01,3157.832,3180.331,3053.738,3166.624
2015-09-02,3027.678,3194.485,3019.087,3160.167
2015-09-07,3149.38,3217.579,3066.304,3080.42
2015-09-08,3054.444,3174.709,3011.117,3170.452
2015-09-09,3182.552,3256.743,3165.696,3243.089
2015-09-10,3190.553,3243.281,3178.904,3197.893
2015-09-11,3189.479,3223.762,3163.449,3200.234
2015-09-14,3221.165,3229.482,3049.23,3114.798
2015-09-15,3043.805,3081.703,2983.92,3005.172
2015-09-16,2998.036,3182.934,2983.535,3152.263
2015-09-17,3131.982,3204.702,3085.314,3086.061
2015-09-18,3100.28,3122.048,3070.336,3097.917
2015-09-21,3072.094,3159.883,3060.856,3156.54
2015-09-22,3161.318,3213.476,3152.481,3185.619
2015-09-23,3137.723,3164.041,3104.744,3115.888
2015-09-24,3126.491,3151.165,3109.691,3142.687
2015-09-25,3130.851,3149.948,3062.995,3092.347
2015-09-28,3085.567,3103.069,3042.31,3100.756
2015-09-29,3055.218,3068.298,3021.157,3038.137
2015-09-30,3052.841,3073.3,3039.742,3052.781
2015-10-08,3156.075,3172.281,3133.127,3143.357
2015-10-09,3146.644,3192.717,3137.788,3183.152
2015-10-12,3193.54,3318.714,3188.407,3287.662
2015-10-13,3262.156,3298.626,3253.249,3293.23
2015-10-14,3280.02,3307.315,3256.253,3262.441
2015-10-15,3255.032,3338.297,3254.392,3338.073
2015-10-16,3358.297,3393.018,3334.854,3391.352
2015-10-19,3401.627,3423.402,3355.566,3386.7
2015-10-20,3377.547,3425.516,3357.861,3425.33
2015-10-21,3428.561,3447.258,3265.436,3320.676
2015-10-22,3292.291,3373.776,3282.993,3368.739
2015-10-23,3377.548,3422.022,3360.218,3412.434
2015-10-26,3448.649,3457.517,3402.0,3429.581
2015-10-27,3409.137,3441.565,3332.616,3434.336
2015-10-28,3417.011,3439.758,3367.231,3375.196
2015-10-29,3387.774,3411.714,3362.509,3387.315
2015-10-30,3380.284,3417.201,3346.591,3382.561
2015-11-02,3337.578,3391.064,3322.312,3325.085
2015-11-03,3330.316,3346.275,3302.184,3316.695
2015-11-04,3325.619,3459.646,3325.619,3459.64
2015-11-05,3459.215,3585.657,3455.525,3522.819
2015-11-06,3514.436,3596.382,3508.827,3590.032
2015-11-09,3588.498,3673.76,3588.498,3646.881
2015-11-10,3617.396,3669.533,3607.891,3640.485
2015-11-11,3635.004,3654.877,3605.621,3650.249
2015-11-12,3656.817,3659.315,3603.228,3632.902
2015-11-13,3600.764,3632.556,3564.809,3580.839
2015-11-16,3522.461,3607.612,3519.421,3606.957
2015-11-17,3629.977,3678.273,3598.068,3604.795
2015-11-18,3605.061,3617.069,3558.697,3568.468
2015-11-19,3573.776,3618.213,3561.044,3617.062
2015-11-20,3620.791,3640.529,3607.915,3630.5
2015-11-23,3630.867,3654.754,3598.871,3610.315
2015-11-24,3602.887,3616.484,3563.104,3616.113
2015-11-25,3614.068,3648.367,3607.518,3647.93
2015-11-26,3659.574,3668.376,3629.865,3635.552
2015-11-27,3616.544,3621.897,3412.427,3436.303
2015-11-30,3433.855,3470.371,3327.812,3445.405
2015-12-01,3442.441,3483.414,3417.545,3456.309
2015-12-02,3450.278,3538.847,3427.661,3536.905
2015-12-03,3525.727,3591.73,3517.23,3584.824
2015-12-04,3558.149,3568.97,3510.412,3524.992
2015-12-07,3529.806,3543.945,3506.625,3536.927
2015-12-08,3518.648,3518.648,3466.79,3470.07
2015-12-09,3462.583,3495.702,3454.879,3472.439
2015-12-10,3469.806,3503.654,3446.273,3455.495
2015-12-11,3441.597,3455.548,3410.924,3434.581
2015-12-14,3403.507,3521.779,3399.28,3520.668
2015-12-15,3518.126,3529.961,3496.854,3510.354
2015-12-16,3522.091,3538.689,3506.291,3516.187
2015-12-17,3533.628,3583.408,3533.628,3579.999
2015-12-18,3574.94,3614.698,3568.161,3578.964
2015-12-21,3568.581,3651.056,3565.751,3642.472
2015-12-22,3645.99,3652.635,3616.87,3651.767
2015-12-23,3653.282,3684.567,3633.025,3636.089
2015-12-24,3631.313,3640.221,3572.277,3612.485
2015-12-25,3614.054,3635.256,3601.738,3627.914
2015-12-28,3635.769,3641.588,3533.779,3533.779
2015-12-29,3528.395,3564.171,3515.52,3563.736
2015-12-30,3566.731,3573.684,3538.112,3572.876
2015-12-31,3570.467,3580.602,3538.353,3539.182
2016-01-04,3536.589,3538.689,3295.741,3296.258
2016-01-05,3196.651,3328.139,3189.605,3287.711
2016-01-06,3291.195,3362.974,3288.933,3361.84
2016-01-07,3309.657,3309.657,3115.885,3125.002
2016-01-08,3194.625,3235.451,3056.878,3186.412
2016-01-11,3131.853,3166.215,3016.697,3016.704
2016-01-12,3026.159,3047.664,2978.463,3022.861
2016-01-13,3041.107,3059.015,2949.29,2949.597
2016-01-14,2874.049,3012.293,2867.553,3007.649
2016-01-15,2988.048,3001.708,2883.868,2900.97
2016-01-18,2847.539,2945.45,2844.704,2913.837
2016-01-19,2914.408,3012.068,2906.404,3007.739
2016-01-20,2993.014,3016.283,2951.922,2976.694
2016-01-21,2934.391,2998.79,2880.085,2880.482
2016-01-22,2911.112,2931.359,2851.733,2916.562
2016-01-25,2934.078,2955.783,2911.829,2938.515
2016-01-26,2907.718,2911.991,2743.839,2749.785
2016-01-27,2756.082,2768.772,2638.302,2735.558
2016-01-28,2711.158,2740.536,2647.493,2655.661
2016-01-29,2652.854,2755.367,2649.791,2737.6
2016-02-01,2730.984,2735.255,2655.623,2688.854
2016-02-02,2687.982,2755.159,2687.982,2749.57
2016-02-03,2719.574,2746.072,2696.884,2739.247
2016-02-04,2751.432,2793.298,2751.314,2781.023
2016-02-05,2783.076,2790.061,2762.16,2763.492
2016-02-15,2684.961,2760.359,2682.09,2746.196
2016-02-16,2758.579,2840.622,2758.579,2836.571
2016-02-17,2829.764,2868.701,2824.356,2867.338
2016-02-18,2881.777,2893.215,2857.699,2862.893
2016-02-19,2854.904,2872.724,2840.488,2860.021
2016-02-22,2888.598,2933.964,2880.347,2927.175
2016-02-23,2925.708,2928.048,2872.282,2903.331
2016-02-24,2889.885,2929.871,2872.274,2928.896
2016-02-25,2922.237,2922.237,2729.851,2741.245
2016-02-26,2760.058,2784.753,2715.874,2767.21
2016-02-29,2754.814,2755.89,2638.963,2687.979
2016-03-01,2688.38,2747.562,2668.757,2733.17
2016-03-02,2733.767,2852.7,2732.539,2849.681
2016-03-03,2847.331,2878.445,2840.874,2859.758
2016-03-04,2848.538,2880.372,2808.849,2874.147
2016-03-07,2886.64,2911.839,2871.346,2897.34
2016-03-08,2895.666,2902.621,2802.563,2901.387
2016-03-09,2839.411,2863.015,2811.718,2862.556
2016-03-10,2847.567,2863.176,2803.476,2804.726
2016-03-11,2781.6,2815.607,2772.551,2810.307
2016-03-14,2830.084,2889.816,2823.028,2859.499
2016-03-15,2853.978,2865.787,2819.795,2864.368
2016-03-16,2858.709,2881.529,2854.192,2870.43
2016-03-17,2875.411,2921.0,2857.191,2904.832
2016-03-18,2915.518,2971.551,2908.742,2955.15
2016-03-21,2978.455,3028.322,2973.758,3018.802
2016-03-22,3001.63,3019.101,2988.426,2999.363
2016-03-23,2991.169,3012.56,2980.855,3009.96
2016-03-24,2986.801,2998.154,2960.537,2960.97
2016-03-25,2956.2,2981.408,2952.106,2979.434
2016-03-28,2988.01,3008.168,2948.526,2957.82
2016-03-29,2956.705,2962.203,2905.251,2919.832
2016-03-30,2941.218,3001.106,2941.218,3000.645
2016-03-31,3009.367,3023.409,2992.916,3003.915
2016-04-01,2997.088,3009.673,2956.247,3009.53
2016-04-05,3000.938,3057.33,2993.148,3053.065
2016-04-06,3039.745,3059.794,3029.005,3050.592
2016-04-07,3058.339,3062.358,3007.06,3008.42
2016-04-08,2988.2,2996.171,2960.46,2984.958
2016-04-11,3006.909,3048.977,3006.909,3033.957
2016-04-12,3031.301,3036.825,3001.315,3023.646
2016-04-13,3041.358,3097.165,3041.358,3066.638
2016-04-14,3080.09,3086.698,3056.989,3082.362
2016-04-15,3085.026,3089.951,3066.872,3078.117
2016-04-18,3058.463,3058.463,3022.97,3033.66
2016-04-19,3047.133,3054.503,3024.895,3042.823
2016-04-20,3050.381,3055.689,2905.049,2972.584
2016-04-21,2954.37,2990.673,2943.464,2952.891
2016-04-22,2933.035,2960.209,2926.776,2959.24
2016-04-25,2949.973,2954.092,2917.02,2946.67
2016-04-26,2944.716,2965.429,2933.971,2964.7
2016-04-27,2967.19,2976.022,2949.432,2953.671
2016-04-28,2955.742,2959.512,2916.374,2945.589
2016-04-29,2935.376,2950.576,2930.357,2938.324
2016-05-03,2940.392,2993.535,2929.815,2992.643
2016-05-04,2983.027,3004.418,2978.33,2991.272
2016-05-05,2987.022,2999.118,2977.2,2997.842
2016-05-06,2998.402,3003.59,2913.036,2913.248
2016-05-09,2896.162,2896.162,2821.826,2832.113
2016-05-10,2822.327,2845.238,2820.164,2832.591
2016-05-11,2843.545,2857.254,2818.699,2837.037
2016-05-12,2812.108,2839.276,2781.236,2835.862
2016-05-13,2828.462,2850.093,2814.115,2827.109
2016-05-16,2816.775,2851.229,2804.991,2850.862
2016-05-17,2850.926,2860.321,2832.459,2843.684
2016-05-18,2828.178,2828.255,2781.417,2807.514
2016-05-19,2802.315,2829.402,2801.548,2806.906
2016-05-20,2792.888,2825.952,2785.08,2825.483
2016-05-23,2826.312,2848.071,2826.256,2843.645
2016-05-24,2839.682,2839.695,2807.188,2821.666
2016-05-25,2835.029,2843.165,2807.749,2815.086
2016-05-26,2813.543,2827.092,2780.763,2822.443
2016-05-27,2817.968,2832.799,2809.799,2821.046
2016-05-30,2814.651,2830.97,2794.661,2822.451
2016-05-31,2822.593,2917.135,2822.593,2916.616
2016-06-01,2917.154,2929.076,2909.512,2913.508
2016-06-02,2911.219,2925.67,2906.524,2925.229
2016-06-03,2929.788,2945.519,2915.185,2938.682
2016-06-06,2940.994,2945.942,2922.283,2934.098
2016-06-07,2936.282,2938.444,2923.502,2936.045
2016-06-08,2932.376,2937.986,2908.367,2927.159
2016-06-13,2897.273,2911.158,2832.507,2833.071
2016-06-14,2824.229,2843.456,2822.061,2842.189
2016-06-15,2814.693,2894.264,2811.781,2887.21
2016-06-16,2878.402,2887.743,2865.388,2872.817
2016-06-17,2873.009,2900.299,2872.185,2885.105
2016-06-20,2887.636,2891.658,2864.02,2888.809
2016-06-21,2898.384,2919.302,2869.176,2878.558
2016-06-22,2872.734,2905.978,2869.513,2905.55
2016-06-23,2902.398,2904.112,2878.661,2891.96
2016-06-24,2883.759,2899.569,2807.598,2854.286
2016-06-27,2840.559,2895.731,2840.277,2895.703
2016-06-28,2885.011,2913.582,2878.824,2912.557
2016-06-29,2918.534,2933.997,2915.062,2931.592
2016-06-30,2931.481,2938.137,2922.312,2929.606
2016-07-01,2931.802,2944.989,2925.81,2932.476
2016-07-04,2924.293,2992.498,2922.52,2988.604
2016-07-05,2991.752,3010.275,2990.642,3006.392
2016-07-06,2998.521,3017.652,2984.828,3017.292
2016-07-07,3009.353,3024.109,2994.643,3016.847
2016-07-08,3000.326,3001.551,2983.881,2988.094
2016-07-11,2993.749,3022.944,2990.907,2994.917
2016-07-12,2992.52,3049.681,2984.421,3049.381
2016-07-13,3049.513,3069.047,3048.199,3060.689
2016-07-14,3054.975,3057.046,3036.523,3054.018
2016-07-15,3056.682,3062.683,3044.538,3054.296
2016-07-18,3047.637,3058.321,3031.639,3043.564
2016-07-19,3040.226,3043.6,3014.289,3036.598
2016-07-20,3034.714,3042.997,3022.631,3027.9
2016-07-21,3027.604,3053.334,3027.368,3039.009
2016-07-22,3038.118,3039.27,3007.457,3012.816
2016-07-25,3008.094,3027.123,3003.292,3015.828
2016-07-26,3014.04,3050.615,3013.802,3050.166
2016-07-27,3050.368,3057.424,2939.227,2991.999
2016-07-28,2980.501,3003.363,2968.182,2994.323
2016-07-29,2992.536,3000.055,2972.917,2979.339
2016-08-01,2971.949,2972.875,2931.963,2953.385
2016-08-02,2950.08,2971.279,2946.637,2971.279
2016-08-03,2963.215,2981.156,2956.786,2978.461
2016-08-04,2976.41,2982.86,2958.933,2982.426
2016-08-05,2978.778,2991.677,2971.564,2976.696
2016-08-08,2972.625,3004.718,2959.048,3004.277
2016-08-09,3001.306,3025.911,2998.677,3025.681
2016-08-10,3023.472,3033.196,3017.09,3018.746
2016-08-11,3013.678,3038.048,3001.168,3002.638
2016-08-12,3000.273,3051.054,2999.039,3050.667
2016-08-15,3056.484,3137.476,3053.871,3125.195
2016-08-16,3130.533,3140.441,3102.065,3110.037
2016-08-17,3106.991,3114.255,3090.281,3109.555
2016-08-18,3107.753,3125.581,3093.317,3104.114
2016-08-19,3100.391,3113.344,3082.771,3108.102
2016-08-22,3107.381,3112.74,3083.593,3084.805
2016-08-23,3081.572,3101.11,3073.529,3089.706
2016-08-24,3092.02,3097.148,3079.548,3085.88
2016-08-25,3073.444,3073.444,3041.505,3068.329
2016-08-26,3069.85,3087.652,3063.894,3070.309
2016-08-29,3068.46,3074.943,3058.785,3070.027
2016-08-30,3071.44,3082.988,3065.971,3074.677
2016-08-31,3072.916,3087.698,3063.396,3085.491
2016-09-01,3083.961,3088.704,3062.876,3063.305
2016-09-02,3057.495,3072.526,3050.492,3067.352
2016-09-05,3070.707,3085.485,3065.329,3072.095
2016-09-06,3071.055,3095.509,3053.187,3090.713
2016-09-07,3091.329,3105.678,3087.879,3091.928
2016-09-08,3089.953,3096.783,3083.902,3095.954
2016-09-09,3095.427,3101.792,3078.218,3078.855
2016-09-12,3037.507,3040.952,2999.929,3021.977
2016-09-13,3025.035,3029.721,3008.741,3023.51
2016-09-14,3008.904,3017.945,2995.416,3002.849
2016-09-19,3005.323,3026.651,3005.323,3026.051
2016-09-20,3027.172,3027.817,3015.88,3023.0
2016-09-21,3021.576,3032.45,3017.541,3025.874
2016-09-22,3038.422,3054.435,3035.07,3042.313
2016-09-23,3044.786,3046.805,3032.802,3033.896
2016-09-26,3028.243,3028.243,2980.117,2980.43
2016-09-27,2974.593,2998.233,2969.132,2998.172
2016-09-28,3000.695,3000.695,2984.321,2987.858
2016-09-29,2992.168,3009.198,2991.909,2998.483
2016-09-30,2994.251,3009.195,2993.062,3004.703
2016-10-10,3020.457,3048.236,3014.62,3048.143
2016-10-11,3051.622,3066.104,3048.018,3065.25
2016-10-12,3057.316,3060.514,3048.888,3058.498
2016-10-13,3057.972,3064.999,3052.64,3061.346
2016-10-14,3056.993,3064.79,3043.184,3063.809
2016-10-17,3064.691,3068.812,3033.753,3041.166
2016-10-18,3037.404,3084.187,3037.404,3083.875
2016-10-19,3085.749,3096.223,3076.771,3084.719
2016-10-20,3084.908,3089.682,3076.295,3084.458
2016-10-21,3081.389,3101.849,3069.267,3090.941
2016-10-24,3092.047,3137.034,3090.786,3128.247
2016-10-25,3127.968,3132.505,3121.05,3131.939
2016-10-26,3129.838,3129.838,3110.387,3116.312
2016-10-27,3112.603,3114.759,3100.392,3112.35
2016-10-28,3111.704,3128.643,3101.237,3104.27
2016-10-31,3097.188,3102.302,3081.072,3100.492
2016-11-01,3101.664,3122.615,3097.042,3122.436
2016-11-02,3115.729,3118.977,3099.82,3102.733
2016-11-03,3096.765,3140.93,3094.103,3128.936
2016-11-04,3126.349,3141.334,3119.535,3125.317
2016-11-07,3124.892,3139.202,3117.096,3133.333
2016-11-08,3140.944,3156.881,3134.955,3147.888
2016-11-09,3146.078,3146.95,3096.947,3128.37
2016-11-10,3148.544,3172.309,3148.544,3171.282
2016-11-11,3169.401,3202.74,3166.07,3196.044
2016-11-14,3187.709,3221.458,3186.796,3210.371
2016-11-15,3209.955,3214.292,3195.035,3206.986
2016-11-16,3208.497,3210.893,3195.411,3205.057
2016-11-17,3198.499,3211.053,3187.206,3208.453
2016-11-18,3207.193,3212.394,3187.496,3192.856
2016-11-21,3188.496,3229.757,3188.28,3218.148
2016-11-22,3220.983,3249.677,3220.983,3248.352
2016-11-23,3247.945,3262.879,3231.586,3241.137
2016-11-24,3237.428,3257.857,3232.869,3241.736
2016-11-25,3241.243,3262.438,3209.598,3261.938
2016-11-28,3270.047,3288.337,3267.674,3277.0
2016-11-29,3269.234,3301.213,3263.397,3282.924
2016-11-30,3272.142,3277.269,3239.521,3250.034
2016-12-01,3257.027,3279.671,3256.256,3273.309
2016-12-02,3270.121,3279.714,3235.277,3243.843
2016-12-05,3203.784,3219.518,3194.879,3204.709
2016-12-06,3202.029,3215.311,3196.525,3199.647
2016-12-07,3198.475,3222.428,3189.485,3222.242
2016-12-08,3225.55,3228.122,3211.471,3215.366
2016-12-09,3209.34,3244.801,3207.043,3232.883
2016-12-12,3233.666,3245.095,3149.896,3152.97
2016-12-13,3138.988,3162.496,3118.712,3155.037
2016-12-14,3149.377,3170.021,3136.348,3140.531
2016-12-15,3125.757,3138.779,3100.913,3117.677
2016-12-16,3111.515,3128.874,3106.346,3122.982
2016-12-19,3120.696,3125.284,3110.082,3118.085
2016-12-20,3115.898,3117.015,3084.8,3102.876
2016-12-21,3107.24,3140.251,3107.24,3137.43
2016-12-22,3132.156,3143.169,3126.887,3139.558
2016-12-23,3134.929,3138.404,3103.748,3110.154
2016-12-26,3095.579,3122.881,3068.415,3122.569
2016-12-27,3117.387,3127.883,3113.745,3114.664
2016-12-28,3113.767,3118.782,3094.549,3102.236
2016-12-29,3095.845,3111.799,3087.344,3096.097
2016-12-30,3097.345,3108.839,3089.989,3103.637
2017-01-03,3105.309,3136.456,3105.309,3135.921
2017-01-04,3133.787,3160.103,3130.115,3158.794
2017-01-05,3157.906,3168.502,3154.281,3165.411
2017-01-06,3163.776,3172.035,3153.025,3154.321
2017-01-09,3148.532,3173.136,3147.735,3171.236
2017-01-10,3167.57,3174.578,3157.332,3161.671
2017-01-11,3156.686,3167.029,3136.267,3136.754
2017-01-12,3133.602,3144.97,3115.979,3119.289
2017-01-13,3116.083,3130.515,3102.163,3112.764
2017-01-16,3104.492,3105.142,3044.291,3103.428
2017-01-17,3087.03,3108.907,3072.338,3108.775
2017-01-18,3104.766,3123.72,3098.586,3113.012
2017-01-19,3104.972,3115.778,3094.006,3101.299
2017-01-20,3095.819,3125.66,3095.215,3123.139
2017-01-23,3125.421,3145.841,3125.421,3136.775
2017-01-24,3134.592,3149.531,3131.218,3142.553
2017-01-25,3137.646,3151.472,3133.191,3149.555
2017-01-26,3149.217,3163.104,3148.908,3159.166
2017-02-03,3160.082,3162.677,3136.013,3140.17
2017-02-06,3143.093,3158.843,3135.387,3156.984
2017-02-07,3154.405,3159.544,3140.036,3153.088
2017-02-08,3148.086,3167.447,3132.033,3166.982
2017-02-09,3164.688,3186.838,3162.574,3183.179
2017-02-10,3183.007,3205.049,3182.802,3196.699
2017-02-13,3198.995,3219.407,3198.995,3216.839
2017-02-14,3216.137,3219.405,3205.285,3217.928
2017-02-15,3215.464,3235.998,3206.561,3212.986
2017-02-16,3210.357,3230.275,3207.785,3229.618
2017-02-17,3227.707,3238.396,3199.425,3202.076
2017-02-20,3198.963,3241.458,3198.963,3239.961
2017-02-21,3242.223,3254.336,3239.878,3253.326
2017-02-22,3252.69,3261.381,3243.84,3261.218
2017-02-23,3258.832,3264.082,3236.355,3251.375
2017-02-24,3246.86,3253.956,3233.535,3253.433
2017-02-27,3249.195,3251.654,3224.088,3228.66
2017-02-28,3225.969,3242.679,3225.969,3241.733
2017-03-01,3240.073,3259.978,3237.871,3246.934
2017-03-02,3250.518,3256.807,3228.665,3230.028
2017-03-03,3219.202,3221.155,3206.613,3218.312
2017-03-06,3217.335,3234.663,3215.067,3233.866
2017-03-07,3233.094,3242.659,3226.822,3242.406
2017-03-08,3240.532,3245.304,3230.608,3240.665
2017-03-09,3233.701,3233.875,3205.279,3216.746
2017-03-10,3213.729,3222.319,3208.447,3212.76
2017-03-13,3209.449,3237.121,3193.157,3237.024
2017-03-14,3235.252,3246.329,3231.521,3239.328
2017-03-15,3235.403,3243.713,3227.738,3241.76
2017-03-16,3247.163,3269.77,3247.163,3268.935
2017-03-17,3271.867,3274.19,3232.281,3237.447
2017-03-20,3241.11,3251.127,3228.118,3250.808
2017-03-21,3250.247,3262.221,3246.696,3261.611
2017-03-22,3246.223,3255.778,3229.128,3245.22
2017-03-23,3245.808,3262.091,3221.934,3248.55
2017-03-24,3247.35,3275.207,3241.123,3269.445
2017-03-27,3268.924,3283.239,3262.118,3266.955
2017-03-28,3265.634,3265.634,3246.086,3252.948
2017-03-29,3252.865,3262.098,3233.28,3241.314
2017-03-30,3235.137,3240.017,3195.852,3210.237
2017-03-31,3206.253,3226.248,3205.537,3222.514
2017-04-05,3235.66,3270.645,3233.237,3270.305
2017-04-06,3272.193,3286.674,3265.765,3281.005
2017-04-07,3280.624,3295.187,3275.051,3286.616
2017-04-10,3285.459,3285.459,3265.012,3269.393
2017-04-11,3266.222,3290.389,3244.405,3288.966
2017-04-12,3283.837,3284.934,3262.277,3273.83
2017-04-13,3265.218,3281.137,3261.49,3275.96
2017-04-14,3276.138,3276.711,3238.896,3246.067
2017-04-17,3229.949,3229.949,3199.912,3222.167
2017-04-18,3215.396,3225.055,3196.488,3196.713
2017-04-19,3184.666,3189.437,3147.066,3170.687
2017-04-20,3165.665,3178.183,3148.184,3172.1
2017-04-21,3170.29,3180.794,3158.629,3173.151
2017-04-24,3164.248,3164.248,3111.215,3129.531
2017-04-25,3123.894,3145.267,3117.449,3134.567
2017-04-26,3132.918,3152.953,3131.418,3140.847
2017-04-27,3131.35,3155.003,3097.333,3152.187
2017-04-28,3144.022,3154.727,3136.578,3154.658
2017-05-02,3147.228,3154.781,3136.539,3143.712
2017-05-03,3138.307,3148.286,3123.751,3135.346
2017-05-04,3127.106,3143.818,3111.391,3127.369
2017-05-05,3114.774,3117.614,3092.092,3103.038
2017-05-08,3090.065,3093.452,3067.694,3078.613
2017-05-09,3064.848,3084.208,3056.558,3080.527
2017-05-10,3078.173,3090.819,3051.59,3052.785
2017-05-11,3036.789,3063.564,3016.531,3061.5
2017-05-12,3054.112,3090.491,3051.871,3083.513
2017-05-15,3085.932,3098.913,3085.932,3090.229
2017-05-16,3082.872,3113.512,3060.534,3112.964
2017-05-17,3107.802,3119.582,3101.295,3104.442
2017-05-18,3082.329,3103.441,3077.963,3090.139
2017-05-19,3086.705,3095.483,3081.278,3090.631
2017-05-22,3087.171,3103.938,3063.153,3075.676
2017-05-23,3069.394,3084.235,3050.842,3061.947
2017-05-24,3047.568,3064.813,3022.303,3064.076
2017-05-25,3055.343,3114.658,3052.831,3107.831
2017-05-26,3101.286,3120.663,3100.388,3110.059
2017-05-31,3125.325,3143.279,3111.556,3117.178
2017-06-01,3108.421,3113.521,3097.679,3102.623
2017-06-02,3094.225,3110.389,3081.849,3105.54
2017-06-05,3102.11,3105.506,3084.83,3091.656
2017-06-06,3084.54,3102.863,3078.787,3102.126
2017-06-07,3101.761,3140.774,3098.951,3140.325
2017-06-08,3136.471,3153.264,3132.828,3150.334
2017-06-09,3147.453,3165.92,3146.108,3158.4
2017-06-12,3149.527,3164.95,3135.314,3139.877
2017-06-13,3134.009,3155.99,3131.043,3153.743
2017-06-14,3146.748,3149.173,3125.355,3130.674
2017-06-15,3125.587,3137.585,3117.084,3132.486
2017-06-16,3126.373,3134.251,3117.857,3123.166
2017-06-19,3122.158,3146.77,3121.779,3144.374
2017-06-20,3148.019,3150.465,3134.611,3140.014
2017-06-21,3148.986,3157.028,3132.617,3156.212
2017-06-22,3152.242,3186.982,3146.643,3147.453
2017-06-23,3138.444,3158.047,3118.095,3157.873
2017-06-26,3157.002,3187.889,3156.977,3185.444
2017-06-27,3183.42,3193.461,3172.463,3191.197
2017-06-28,3183.633,3193.44,3170.786,3173.201
2017-06-29,3174.981,3188.774,3174.284,3188.063
2017-06-30,3176.948,3193.241,3171.57,3192.427
2017-07-03,3191.998,3196.286,3177.024,3195.912
2017-07-04,3192.889,3193.064,3174.314,3182.804
2017-07-05,3179.217,3207.31,3174.708,3207.134
2017-07-06,3203.863,3215.95,3188.773,3212.444
2017-07-07,3203.823,3219.523,3195.291,3217.957
2017-07-10,3208.463,3223.34,3203.209,3212.632
2017-07-11,3201.517,3226.908,3199.224,3203.038
2017-07-12,3201.929,3215.196,3177.935,3197.544
2017-07-13,3192.362,3219.268,3190.339,3218.163
2017-07-14,3212.032,3222.978,3204.853,3222.417
2017-07-17,3219.791,3230.354,3139.504,3176.465
2017-07-18,3159.732,3187.671,3150.128,3187.567
2017-07-19,3181.402,3232.941,3179.73,3230.976
2017-07-20,3227.506,3246.236,3225.433,3244.865
2017-07-21,3236.588,3247.712,3231.956,3237.982
2017-07-24,3230.898,3261.105,3230.071,3250.599
2017-07-25,3249.138,3261.645,3233.138,3243.689
2017-07-26,3244.461,3264.848,3228.039,3247.675
2017-07-27,3243.765,3251.926,3220.637,3249.781
2017-07-28,3240.173,3256.371,3232.963,3253.24
2017-07-31,3252.752,3276.946,3251.194,3273.028
2017-08-01,3274.369,3292.638,3273.504,3292.638
2017-08-02,3288.518,3305.431,3282.038,3285.057
2017-08-03,3279.986,3293.369,3262.155,3272.929
2017-08-04,3269.318,3287.193,3261.307,3262.081
2017-08-07,3257.67,3280.104,3243.715,3279.457
2017-08-08,3277.189,3285.483,3269.658,3281.873
2017-08-09,3277.808,3277.943,3263.847,3275.573
2017-08-10,3269.735,3282.519,3236.183,3261.749
2017-08-11,3237.922,3245.116,3200.748,3208.541
2017-08-14,3206.044,3240.052,3206.044,3237.36
2017-08-15,3235.23,3263.589,3235.101,3251.262
2017-08-16,3247.853,3248.785,3228.871,3246.451
2017-08-17,3253.846,3269.139,3251.459,3268.43
2017-08-18,3253.243,3275.076,3248.083,3268.724
2017-08-21,3274.581,3287.519,3270.475,3286.906
2017-08-22,3287.615,3293.476,3274.941,3290.226
2017-08-23,3283.797,3299.457,3274.44,3287.705
2017-08-24,3287.959,3297.989,3266.359,3271.512
2017-08-25,3271.461,3331.915,3271.461,3331.522
2017-08-28,3336.126,3375.034,3336.126,3362.651
2017-08-29,3362.06,3374.595,3354.463,3365.226
2017-08-30,3361.821,3376.648,3357.08,3363.627
2017-08-31,3361.462,3367.358,3340.687,3360.81
2017-09-01,3365.991,3381.925,3358.472,3367.119
2017-09-04,3369.719,3381.403,3359.131,3379.583
2017-09-05,3377.197,3390.823,3371.571,3384.317
2017-09-06,3372.428,3391.011,3364.765,3385.389
2017-09-07,3383.628,3387.796,3363.177,3365.497
2017-09-08,3364.428,3380.89,3353.688,3365.243
2017-09-11,3365.351,3384.81,3360.046,3376.419
2017-09-12,3381.487,3391.069,3370.852,3379.488
2017-09-13,3374.719,3387.14,3366.541,3384.147
2017-09-14,3383.47,3391.644,3361.334,3371.426
2017-09-15,3365.145,3365.528,3345.328,3353.619
2017-09-18,3352.513,3371.749,3352.513,3362.859
2017-09-19,3365.532,3370.401,3344.705,3356.845
2017-09-20,3352.185,3370.098,3346.536,3365.996
2017-09-21,3364.698,3377.884,3356.875,3357.812
2017-09-22,3347.157,3356.451,3334.985,3352.529
2017-09-25,3344.589,3350.961,3334.944,3341.549
2017-09-26,3336.35,3347.163,3332.599,3343.583
2017-09-27,3340.822,3349.695,3340.299,3345.272
2017-09-28,3343.845,3344.601,3336.178,3339.642
2017-09-29,3340.311,3357.015,3340.311,3348.943
2017-10-09,3403.246,3410.17,3366.965,3374.378
2017-10-10,3373.345,3384.026,3358.795,3382.988
2017-10-11,3381.488,3395.779,3379.163,3388.284
2017-10-12,3385.533,3390.204,3372.533,3386.1
2017-10-13,3384.488,3395.748,3383.239,3390.523
2017-10-16,3393.206,3400.511,3374.769,3378.47
2017-10-17,3373.234,3382.407,3365.565,3372.041
2017-10-18,3373.528,3383.232,3371.925,3381.794
2017-10-19,3374.644,3378.736,3359.628,3370.172
2017-10-20,3363.514,3379.765,3360.1,3378.648
2017-10-23,3382.28,3385.285,3374.705,3380.699
2017-10-24,3376.599,3388.689,3374.125,3388.248
2017-10-25,3384.858,3398.304,3382.034,3396.898
2017-10-26,3397.519,3414.242,3391.455,3407.567
2017-10-27,3404.498,3421.103,3402.114,3416.812
2017-10-30,3413.868,3419.732,3357.276,3390.337
2017-10-31,3380.999,3397.099,3376.124,3393.342
2017-11-01,3393.968,3410.352,3388.598,3395.913
2017-11-02,3391.652,3391.652,3372.213,3383.31
2017-11-03,3377.736,3380.57,3347.36,3371.744
2017-11-06,3369.685,3389.383,3356.534,3388.174
2017-11-07,3389.472,3415.148,3387.946,3413.575
2017-11-08,3409.147,3434.492,3404.881,3415.46
2017-11-09,3410.672,3428.77,3408.619,3427.795
2017-11-10,3423.185,3438.792,3414.329,3432.673
2017-11-13,3435.184,3449.164,3435.085,3447.836
2017-11-14,3446.545,3450.495,3419.692,3429.548
2017-11-15,3416.211,3423.75,3396.381,3402.525
2017-11-16,3393.194,3409.653,3390.589,3399.25
2017-11-17,3392.683,3403.286,3373.296,3382.908
2017-11-20,3361.356,3393.106,3337.116,3392.399
2017-11-21,3382.36,3419.802,3377.599,3410.498
2017-11-22,3417.331,3442.178,3404.287,3430.464
2017-11-23,3425.009,3429.424,3342.332,3351.918
2017-11-24,3340.384,3360.746,3328.334,3353.821
2017-11-27,3346.657,3347.051,3315.264,3322.23
2017-11-28,3311.232,3333.8,3300.781,3333.657
2017-11-29,3335.567,3343.062,3305.572,3337.862
2017-11-30,3328.643,3340.92,3306.283,3317.188
2017-12-01,3315.105,3324.516,3302.44,3317.617
2017-12-04,3310.381,3323.996,3304.103,3309.618
2017-12-05,3301.691,3315.737,3300.512,3303.675
2017-12-06,3291.313,3296.201,3254.611,3293.965
2017-12-07,3283.279,3291.282,3259.164,3272.054
2017-12-08,3264.478,3297.13,3258.759,3289.992
2017-12-11,3290.488,3322.674,3288.295,3322.196
2017-12-12,3320.31,3320.31,3280.329,3280.814
2017-12-13,3278.397,3304.01,3273.325,3303.037
2017-12-14,3302.932,3309.53,3282.573,3292.439
2017-12-15,3287.529,3287.529,3259.388,3266.137
2017-12-18,3268.034,3280.544,3254.178,3267.922
2017-12-19,3266.019,3296.94,3266.019,3296.538
2017-12-20,3296.74,3300.212,3276.12,3287.606
2017-12-21,3281.118,3309.223,3267.404,3300.059
2017-12-22,3297.685,3307.328,3293.442,3297.063
2017-12-25,3296.211,3312.3,3270.441,3280.461
2017-12-26,3277.837,3307.299,3274.327,3306.125
2017-12-27,3302.461,3307.08,3270.349,3275.783
2017-12-28,3272.291,3304.096,3263.728,3296.385
2017-12-29,3295.246,3308.225,3292.77,3307.172
2018-01-02,3314.031,3349.053,3314.031,3348.326
2018-01-03,3347.743,3379.915,3345.289,3369.108
2018-01-04,3371.0,3392.826,3365.295,3385.71
2018-01-05,3386.464,3402.069,3380.245,3391.75
2018-01-08,3391.553,3412.731,3384.559,3409.48
2018-01-09,3406.112,3417.228,3403.587,3413.9
2018-01-10,3414.113,3430.214,3398.842,3421.834
2018-01-11,3415.585,3426.483,3405.639,3425.345
2018-01-12,3423.879,3435.424,3417.98,3428.941
2018-01-15,3428.951,3442.501,3402.312,3410.488
2018-01-16,3403.469,3437.583,3401.961,3436.594
2018-01-17,3438.576,3465.205,3430.511,3444.671
2018-01-18,3449.881,3476.546,3448.789,3474.754
2018-01-19,3481.62,3498.434,3474.292,3487.864
2018-01-22,3476.994,3503.386,3475.673,3501.362
2018-01-23,3504.344,3547.222,3504.344,3546.505
2018-01-24,3553.479,3569.489,3527.112,3559.465
2018-01-25,3555.168,3571.481,3528.035,3548.307
2018-01-26,3535.493,3574.905,3534.195,3558.129
2018-01-29,3563.64,3587.032,3510.269,3523.001
2018-01-30,3511.501,3523.051,3484.656,3488.009
2018-01-31,3470.509,3495.453,3454.726,3480.833
2018-02-01,3478.67,3495.093,3424.419,3446.98
2018-02-02,3419.225,3463.164,3388.86,3462.081
2018-02-05,3411.67,3487.721,3406.241,3487.497
2018-02-06,3418.01,3440.124,3364.216,3370.652
2018-02-07,3412.744,3425.538,3304.007,3309.26
2018-02-08,3281.046,3307.162,3225.712,3262.05
2018-02-09,3172.851,3180.11,3062.743,3129.851
2018-02-12,3128.371,3168.126,3113.605,3154.125
2018-02-13,3176.107,3219.217,3176.107,3184.959
2018-02-14,3188.248,3203.497,3171.384,3199.159
2018-02-22,3237.569,3269.916,3234.115,3268.559
2018-02-23,3275.429,3294.134,3258.488,3289.024
2018-02-26,3307.295,3335.986,3281.615,3329.574
2018-02-27,3328.672,3328.672,3284.629,3292.068
2018-02-28,3264.059,3277.832,3239.844,3259.408
2018-03-01,3235.089,3280.149,3228.585,3273.755
2018-03-02,3248.446,3269.938,3242.267,3254.528
2018-03-05,3255.871,3269.4,3236.717,3256.926
2018-03-06,3266.487,3290.253,3243.654,3289.642
2018-03-07,3288.865,3308.406,3264.764,3271.668
2018-03-08,3268.347,3289.497,3261.552,3288.406
2018-03-09,3291.426,3309.715,3283.559,3307.166
2018-03-12,3319.209,3333.561,3313.555,3326.699
2018-03-13,3324.122,3333.875,3307.376,3310.239
2018-03-14,3298.666,3304.979,3287.356,3291.382
2018-03-15,3277.514,3297.098,3273.201,3291.112
2018-03-16,3290.209,3300.565,3269.283,3269.882
2018-03-19,3264.928,3280.567,3251.047,3279.252
2018-03-20,3257.219,3292.574,3252.433,3290.64
2018-03-21,3299.731,3314.209,3268.878,3280.952
2018-03-22,3281.265,3288.797,3242.762,3263.48
2018-03-23,3172.772,3188.235,3110.664,3152.761
2018-03-26,3117.319,3134.276,3091.458,3133.722
2018-03-27,3164.798,3172.778,3143.57,3166.649
2018-03-28,3130.571,3165.213,3117.534,3122.29
2018-03-29,3127.263,3174.509,3098.247,3160.531
2018-03-30,3161.786,3177.721,3152.889,3168.897
2018-04-02,3169.779,3192.34,3159.986,3163.179
2018-04-03,3130.013,3144.332,3119.132,3136.633
2018-04-04,3147.049,3163.34,3128.867,3131.111
2018-04-09,3125.442,3146.093,3110.303,3138.294
2018-04-10,3144.257,3190.649,3139.081,3190.322
2018-04-11,3197.372,3220.845,3191.587,3208.082
2018-04-12,3203.278,3205.252,3177.049,3180.158
2018-04-13,3192.042,3197.896,3155.506,3159.052
2018-04-16,3152.888,3153.106,3096.1,3110.649
2018-04-17,3112.975,3118.76,3064.028,3066.797
2018-04-18,3091.91,3096.889,3041.625,3091.399
2018-04-19,3094.274,3127.439,3090.287,3117.376
2018-04-20,3105.462,3111.171,3065.921,3071.543
2018-04-23,3063.443,3085.057,3045.937,3068.012
2018-04-24,3069.746,3136.04,3069.746,3128.927
2018-04-25,3112.398,3122.908,3107.001,3117.974
2018-04-26,3119.496,3121.933,3067.929,3075.03
2018-04-27,3082.415,3088.035,3049.914,3082.232
2018-05-02,3087.409,3097.604,3064.763,3081.177
2018-05-03,3074.517,3105.66,3056.157,3100.859
2018-05-04,3093.117,3104.093,3086.785,3091.033
2018-05-07,3094.899,3136.836,3091.658,3136.645
2018-05-08,3135.296,3169.701,3134.062,3161.498
2018-05-09,3160.138,3165.373,3145.657,3159.15
2018-05-10,3169.05,3176.138,3155.533,3174.413
2018-05-11,3179.797,3180.756,3162.212,3163.263
2018-05-14,3167.042,3183.816,3163.476,3174.032
2018-05-15,3180.425,3192.807,3164.518,3192.118
2018-05-16,3180.226,3191.948,3166.811,3169.565
2018-05-17,3170.006,3172.766,3148.621,3154.283
2018-05-18,3151.082,3193.453,3144.776,3193.303
2018-05-21,3206.176,3219.74,3203.336,3213.84
2018-05-22,3211.247,3214.589,3192.228,3214.35
2018-05-23,3205.437,3205.437,3168.964,3168.964
2018-05-24,3167.939,3173.531,3152.069,3154.651
2018-05-25,3148.41,3156.726,3131.068,3141.303
2018-05-28,3136.809,3149.665,3115.959,3135.082
2018-05-29,3129.621,3143.208,3112.153,3120.461
2018-05-30,3081.142,3085.397,3041.0,3041.443
2018-05-31,3061.829,3098.076,3054.269,3095.474
2018-06-01,3084.754,3102.088,3059.786,3075.137
2018-06-04,3083.427,3098.402,3076.994,3091.191
2018-06-05,3088.008,3114.769,3080.046,3114.206
2018-06-06,3109.175,3117.525,3103.533,3115.18
2018-06-07,3121.184,3128.715,3105.578,3109.499
2018-06-08,3100.604,3100.685,3053.288,3067.148
2018-06-11,3057.339,3063.61,3037.914,3052.783
2018-06-12,3053.028,3081.447,3034.101,3079.802
2018-06-13,3071.464,3071.464,3044.12,3049.797
2018-06-14,3038.07,3066.047,3032.406,3044.16
2018-06-15,3037.452,3048.797,3008.732,3021.901
2018-06-19,2982.65,2984.971,2871.355,2907.822
2018-06-20,2889.984,2925.561,2872.163,2915.731
2018-06-21,2912.003,2940.586,2872.619,2875.81
2018-06-22,2855.585,2891.969,2837.144,2889.76
2018-06-25,2903.45,2908.624,2857.871,2859.336
2018-06-26,2829.995,2850.24,2803.785,2844.508
2018-06-27,2842.396,2854.258,2798.8,2813.178
2018-06-28,2799.904,2825.987,2782.446,2786.897
2018-06-29,2789.811,2848.372,2782.381,2847.418
2018-07-02,2841.58,2845.68,2756.815,2775.557
2018-07-03,2774.57,2786.888,2722.449,2786.888
2018-07-04,2776.632,2793.179,2754.155,2759.126
2018-07-05,2755.339,2777.523,2727.94,2733.882
2018-07-06,2731.353,2768.874,2691.021,2747.229
2018-07-09,2752.447,2815.79,2752.447,2815.11
2018-07-10,2819.712,2828.493,2800.625,2827.625
2018-07-11,2780.704,2794.36,2752.435,2777.771
2018-07-12,2771.041,2844.193,2771.041,2837.659
2018-07-13,2831.428,2835.463,2818.848,2831.184
2018-07-16,2827.082,2837.509,2804.493,2814.042
2018-07-17,2806.885,2806.919,2774.762,2798.126
2018-07-18,2801.777,2818.395,2786.04,2787.257
2018-07-19,2791.016,2805.011,2764.486,2772.545
2018-07-20,2769.754,2837.862,2753.84,2829.271
2018-07-23,2815.201,2863.571,2809.616,2859.542
2018-07-24,2862.267,2911.465,2862.267,2905.562
2018-07-25,2911.453,2912.313,2894.039,2903.647
2018-07-26,2905.794,2915.297,2875.701,2882.225
2018-07-27,2879.69,2889.694,2864.11,2873.594
2018-07-30,2871.94,2896.011,2850.296,2869.05
2018-07-31,2866.899,2884.68,2854.32,2876.401
2018-08-01,2882.506,2897.4,2823.929,2824.534
2018-08-02,2815.344,2815.344,2726.483,2768.024
2018-08-03,2763.396,2777.657,2740.432,2740.443
2018-08-06,2736.526,2760.474,2692.322,2705.157
2018-08-07,2711.736,2779.374,2696.039,2779.374
2018-08-08,2771.129,2779.912,2741.067,2744.07
2018-08-09,2729.579,2801.659,2726.215,2794.382
2018-08-10,2791.402,2806.115,2777.506,2795.31
2018-08-13,2769.017,2789.798,2742.56,2785.872
2018-08-14,2780.736,2789.444,2766.569,2780.965
2018-08-15,2777.249,2777.703,2721.24,2723.258
2018-08-16,2691.426,2732.949,2672.741,2705.192
2018-08-17,2723.887,2730.333,2665.592,2668.966
2018-08-20,2673.066,2698.466,2653.112,2698.466
2018-08-21,2700.342,2739.173,2696.292,2733.826
2018-08-22,2731.958,2731.958,2709.062,2714.608
2018-08-23,2714.867,2736.01,2700.804,2724.624
2018-08-24,2717.081,2748.824,2705.324,2729.431
2018-08-27,2736.319,2780.899,2736.319,2780.899
2018-08-28,2782.293,2791.39,2769.401,2777.981
2018-08-29,2774.865,2778.539,2762.35,2769.295
2018-08-30,2769.332,2780.527,2736.346,2737.737
2018-08-31,2730.113,2744.631,2710.537,2725.25
2018-09-03,2716.404,2722.852,2692.364,2720.734
2018-09-04,2720.648,2756.607,2712.376,2750.58
2018-09-05,2741.38,2745.467,2704.337,2704.337
2018-09-06,2697.578,2719.406,2683.745,2691.593
2018-09-07,2696.678,2728.546,2683.719,2702.301
2018-09-10,2698.011,2703.429,2667.317,2669.485
2018-09-11,2668.487,2680.573,2652.704,2664.8
2018-09-12,2659.744,2672.074,2647.17,2656.11
2018-09-13,2679.208,2689.062,2653.189,2686.578
2018-09-14,2688.779,2694.92,2675.29,2681.643
2018-09-17,2671.291,2671.291,2647.915,2651.789
2018-09-18,2644.296,2700.193,2644.296,2699.95
2018-09-19,2694.799,2746.08,2690.994,2730.85
2018-09-20,2732.17,2743.965,2724.084,2729.244
2018-09-21,2733.874,2797.485,2722.032,2797.485
2018-09-25,2775.066,2790.032,2771.16,2781.139
2018-09-26,2785.317,2827.341,2783.342,2806.813
2018-09-27,2805.793,2810.506,2786.322,2791.775
2018-09-28,2794.264,2821.755,2791.836,2821.35
2018-10-08,2768.208,2771.938,2710.178,2716.51
2018-10-09,2713.732,2734.314,2711.197,2721.013
2018-10-10,2723.724,2743.548,2703.063,2725.837
2018-10-11,2643.074,2661.286,2560.316,2583.458
2018-10-12,2574.042,2615.917,2536.665,2606.913
2018-10-15,2605.912,2611.969,2564.738,2568.098
2018-10-16,2567.764,2597.715,2536.441,2546.33
2018-10-17,2574.313,2582.549,2517.573,2561.614
2018-10-18,2544.911,2544.911,2485.619,2486.419
2018-10-19,2460.081,2553.387,2449.197,2550.465
2018-10-22,2565.644,2675.406,2565.644,2654.876
2018-10-23,2652.648,2659.812,2583.261,2594.826
2018-10-24,2579.972,2640.402,2577.773,2603.295
2018-10-25,2540.935,2606.101,2531.535,2603.8
2018-10-26,2610.898,2626.116,2580.845,2598.847
2018-10-29,2593.591,2595.537,2529.188,2542.103
2018-10-30,2538.574,2586.919,2521.784,2568.048
2018-10-31,2573.015,2612.922,2567.027,2602.783
2018-11-01,2617.033,2636.799,2603.651,2606.237
2018-11-02,2649.251,2676.476,2628.87,2676.476
2018-11-05,2665.427,2673.188,2639.271,2665.431
2018-11-06,2660.719,2660.863,2635.321,2659.356
2018-11-07,2659.845,2675.677,2639.246,2641.342
2018-11-08,2660.087,2662.369,2632.301,2635.632
2018-11-09,2621.238,2621.238,2598.161,2598.872
2018-11-12,2593.2,2631.17,2590.211,2630.52
2018-11-13,2600.5,2666.485,2597.348,2654.88
2018-11-14,2648.309,2658.307,2627.957,2632.243
2018-11-15,2632.138,2668.17,2631.888,2668.17
2018-11-16,2669.78,2695.569,2657.034,2679.11
2018-11-19,2681.899,2703.512,2674.178,2703.512
2018-11-20,2684.287,2690.83,2643.359,2645.855
2018-11-21,2619.821,2653.796,2617.776,2651.505
2018-11-22,2655.896,2658.001,2634.483,2645.434
2018-11-23,2640.667,2642.036,2577.351,2579.483
2018-11-26,2580.842,2594.997,2568.035,2575.81
2018-11-27,2585.826,2592.535,2566.166,2574.679
2018-11-28,2575.454,2601.963,2561.562,2601.737
2018-11-29,2613.781,2617.548,2567.443,2567.443
2018-11-30,2564.564,2590.21,2555.322,2588.188
2018-12-03,2647.132,2665.298,2629.184,2654.798
2018-12-04,2651.561,2666.078,2644.896,2665.958
2018-12-05,2629.833,2660.389,2625.913,2649.805
2018-12-06,2629.82,2633.678,2603.132,2605.181
2018-12-07,2609.341,2614.582,2599.278,2605.888
2018-12-10,2589.194,2599.762,2576.242,2584.582
2018-12-11,2587.015,2596.146,2583.196,2594.088
2018-12-12,2608.114,2610.009,2595.075,2602.153
2018-12-13,2607.144,2645.837,2599.459,2634.049
2018-12-14,2627.283,2629.164,2593.741,2593.741
2018-12-17,2587.263,2598.967,2573.867,2597.974
2018-12-18,2583.634,2599.148,2563.573,2576.65
2018-12-19,2578.675,2579.874,2547.078,2549.563
2018-12-20,2544.505,2554.859,2516.019,2536.268
2018-12-21,2526.554,2527.421,2498.694,2516.251
2018-12-24,2506.737,2529.44,2500.443,2527.007
2018-12-25,2503.95,2513.964,2462.845,2504.819
2018-12-26,2501.12,2513.826,2492.076,2498.294
2018-12-27,2527.717,2532.002,2483.086,2483.086
2018-12-28,2483.617,2505.114,2478.325,2493.896
2019-01-02,2497.881,2500.278,2456.423,2465.291
2019-01-03,2461.783,2488.479,2455.926,2464.363
2019-01-04,2446.019,2515.316,2440.907,2514.868
2019-01-07,2528.699,2536.978,2515.508,2533.089
2019-01-08,2530.3,2531.345,2520.165,2526.462
2019-01-09,2536.417,2574.408,2536.157,2544.345
2019-01-10,2543.853,2551.826,2531.664,2535.099
2019-01-11,2539.549,2554.787,2533.359,2553.831
2019-01-14,2553.328,2556.294,2533.01,2535.765
2019-01-15,2537.37,2571.502,2532.433,2570.345
2019-01-16,2569.07,2574.236,2563.006,2570.422
2019-01-17,2573.576,2582.556,2557.711,2559.637
2019-01-18,2567.739,2598.884,2565.904,2596.006
2019-01-21,2599.058,2618.98,2599.058,2610.509
2019-01-22,2609.642,2609.642,2573.062,2579.704
2019-01-23,2575.258,2589.513,2572.405,2581.004
2019-01-24,2584.648,2597.289,2569.7,2591.694
2019-01-25,2596.262,2617.002,2595.629,2601.723
2019-01-28,2615.712,2630.318,2591.1,2596.977
2019-01-29,2592.355,2601.736,2559.982,2594.254
2019-01-30,2584.746,2598.815,2575.409,2575.576
2019-01-31,2581.332,2606.628,2571.579,2584.572
2019-02-01,2597.778,2618.477,2590.554,2618.232
2019-02-11,2613.174,2654.096,2613.174,2653.896
2019-02-12,2654.035,2674.478,2648.83,2671.894
2019-02-13,2674.52,2727.075,2666.522,2721.068
2019-02-14,2715.536,2729.455,2707.487,2719.7
2019-02-15,2712.786,2715.632,2679.785,2682.385
2019-02-18,2699.817,2754.357,2699.817,2754.357
2019-02-19,2759.496,2780.784,2737.586,2755.646
2019-02-20,2761.059,2767.411,2739.978,2761.219
2019-02-21,2759.938,2794.013,2744.976,2751.801
2019-02-22,2749.462,2804.226,2736.332,2804.226
2019-02-25,2838.39,2961.795,2838.39,2961.283
2019-02-26,2969.098,2995.676,2938.623,2941.516
2019-02-27,2939.929,2997.488,2924.643,2953.824
2019-02-28,2950.055,2965.304,2930.195,2940.954
2019-03-01,2954.402,2994.005,2930.835,2994.005
2019-03-04,3015.943,3090.796,3006.942,3027.576
2019-03-05,3019.88,3054.962,3009.448,3054.247
2019-03-06,3060.433,3103.825,3050.111,3102.099
2019-03-07,3103.668,3129.94,3074.978,3106.418
2019-03-08,3038.336,3075.046,2969.582,2969.861
2019-03-11,2969.08,3028.254,2963.583,3026.993
2019-03-12,3049.084,3093.391,3029.9,3060.307
2019-03-13,3062.327,3065.288,3013.932,3026.951
2019-03-14,3013.597,3041.156,2968.824,2990.685
2019-03-15,3000.879,3048.121,2999.432,3021.751
2019-03-18,3027.801,3096.418,3009.507,3096.418
2019-03-19,3099.897,3113.433,3076.363,3090.975
2019-03-20,3084.17,3102.52,3053.452,3090.64
2019-03-21,3094.125,3125.019,3086.85,3101.455
2019-03-22,3100.726,3107.275,3064.884,3104.149
2019-03-25,3058.802,3086.996,3041.95,3043.031
2019-03-26,3057.559,3062.69,2988.491,2997.095
2019-03-27,3012.257,3022.762,2987.772,3022.72
2019-03-28,3009.799,3025.779,2991.779,2994.943
2019-03-29,3000.678,3093.033,2999.987,3090.758
2019-04-01,3111.662,3176.622,3111.662,3170.361
2019-04-02,3183.274,3193.272,3164.907,3176.823
2019-04-03,3159.147,3219.256,3152.332,3216.295
2019-04-04,3233.689,3254.14,3216.855,3246.571
2019-04-08,3271.272,3288.453,3210.515,3244.81
2019-04-09,3240.394,3251.646,3215.705,3239.664
2019-04-10,3224.645,3264.778,3204.879,3241.93
2019-04-11,3241.547,3254.126,3185.546,3189.962
2019-04-12,3184.86,3199.278,3168.042,3188.626
2019-04-15,3233.458,3253.976,3177.27,3177.787
2019-04-16,3164.397,3253.598,3153.206,3253.598
2019-04-17,3250.152,3275.334,3239.805,3263.118
2019-04-18,3261.074,3271.388,3241.826,3250.201
2019-04-19,3250.145,3274.335,3226.812,3270.797
2019-04-22,3278.491,3279.489,3206.878,3215.043
2019-04-23,3211.872,3231.582,3186.757,3198.594
2019-04-24,3203.559,3210.651,3156.607,3201.614
2019-04-25,3190.585,3193.749,3123.026,3123.826
2019-04-26,3108.164,3129.213,3085.805,3086.399
2019-04-29,3090.633,3107.761,3050.026,3062.499
2019-04-30,3052.622,3088.407,3052.622,3078.339
2019-05-06,2984.727,2986.54,2876.469,2906.464
2019-05-07,2914.291,2937.283,2889.073,2926.391
2019-05-08,2873.143,2929.431,2866.704,2893.757
2019-05-09,2871.197,2888.86,2845.037,2850.954
2019-05-10,2878.234,2941.454,2838.385,2939.211
2019-05-13,2905.067,2921.41,2892.175,2903.713
2019-05-14,2872.834,2909.204,2872.834,2883.611
2019-05-15,2902.642,2945.395,2902.642,2938.678
2019-05-16,2933.495,2956.171,2929.065,2955.711
2019-05-17,2955.767,2956.783,2873.8,2882.296
2019-05-20,2874.801,2882.629,2838.453,2870.605
2019-05-21,2867.707,2919.237,2862.495,2905.969
2019-05-22,2905.524,2912.395,2879.644,2891.705
2019-05-23,2880.843,2885.139,2846.956,2852.515
2019-05-24,2847.836,2871.856,2846.022,2852.995
2019-05-27,2851.281,2898.129,2833.036,2892.378
2019-05-28,2890.266,2924.04,2887.084,2909.911
2019-05-29,2894.83,2934.977,2890.665,2914.696
2019-05-30,2903.425,2907.846,2881.38,2905.805
2019-05-31,2904.498,2922.908,2895.578,2898.696
2019-06-03,2901.742,2920.829,2875.902,2890.081
2019-06-04,2887.641,2888.386,2851.973,2862.28
2019-06-05,2882.937,2888.768,2858.572,2861.418
2019-06-06,2862.333,2862.333,2822.185,2827.798
2019-06-10,2833.015,2861.131,2824.355,2852.13
2019-06-11,2854.07,2927.43,2854.07,2925.716
2019-06-12,2917.224,2924.702,2903.883,2909.38
2019-06-13,2905.288,2918.423,2885.923,2910.741
2019-06-14,2912.999,2924.32,2879.657,2881.974
2019-06-17,2880.423,2902.481,2877.394,2887.622
2019-06-18,2891.092,2898.33,2874.313,2890.158
2019-06-19,2944.115,2953.336,2916.215,2917.803
2019-06-20,2917.331,2997.389,2915.09,2987.119
2019-06-21,2990.369,3010.349,2989.245,3001.98
2019-06-24,3004.289,3012.826,2994.422,3008.148
2019-06-25,3004.91,3004.91,2948.991,2982.074
2019-06-26,2964.615,2986.914,2958.463,2976.284
2019-06-27,2982.613,3011.538,2981.045,2996.793
2019-06-28,2992.243,2992.243,2961.223,2978.878
2019-07-01,3024.624,3045.367,3014.687,3044.903
2019-07-02,3042.58,3048.484,3033.781,3043.943
2019-07-03,3031.832,3031.832,3006.325,3015.263
2019-07-04,3015.679,3024.502,2991.908,3005.249
2019-07-05,3004.738,3014.847,2990.925,3011.059
2019-07-08,2997.807,2997.807,2918.716,2933.363
2019-07-09,2928.819,2937.762,2912.806,2928.23
2019-07-10,2935.186,2936.752,2908.162,2915.302
2019-07-11,2928.055,2945.802,2907.885,2917.761
2019-07-12,2915.34,2938.531,2905.809,2930.546
2019-07-15,2921.546,2955.0,2886.699,2942.185
2019-07-16,2938.641,2944.821,2931.293,2937.617
2019-07-17,2933.023,2942.067,2924.459,2931.693
2019-07-18,2921.739,2921.739,2901.177,2901.177
2019-07-19,2909.679,2939.597,2909.679,2924.201
2019-07-22,2925.788,2927.16,2879.69,2886.974
2019-07-23,2886.904,2901.359,2883.046,2899.945
2019-07-24,2907.928,2936.452,2907.787,2923.278
2019-07-25,2923.189,2937.36,2916.15,2937.36
2019-07-26,2928.061,2948.326,2924.451,2944.541
2019-07-29,2943.918,2948.467,2932.977,2941.007
2019-07-30,2946.257,2965.632,2946.257,2952.338
2019-07-31,2944.398,2944.398,2926.485,2932.506
2019-08-01,2920.851,2927.342,2901.75,2908.766
2019-08-02,2861.332,2872.473,2851.44,2867.838
2019-08-05,2854.578,2863.689,2821.496,2821.496
2019-08-06,2776.989,2787.419,2733.924,2777.556
2019-08-07,2789.019,2792.693,2768.68,2768.68
2019-08-08,2784.184,2799.686,2782.245,2794.552
2019-08-09,2805.586,2808.329,2770.478,2774.753
2019-08-12,2781.982,2814.994,2776.62,2814.994
2019-08-13,2798.051,2802.042,2790.608,2797.26
2019-08-14,2824.486,2829.891,2807.719,2808.915
2019-08-15,2762.339,2815.896,2756.834,2815.798
2019-08-16,2817.571,2840.316,2811.802,2823.824
2019-08-19,2835.518,2883.096,2829.854,2883.096
2019-08-20,2879.082,2892.08,2874.999,2880.001
2019-08-21,2875.471,2885.586,2872.557,2880.331
2019-08-22,2887.665,2888.497,2867.552,2883.436
2019-08-23,2885.151,2902.456,2878.744,2897.425
2019-08-26,2851.016,2870.494,2849.238,2863.567
2019-08-27,2879.515,2919.644,2879.406,2902.193
2019-08-28,2901.627,2905.435,2887.012,2893.756
2019-08-29,2895.999,2898.605,2878.588,2890.919
2019-08-30,2907.383,2914.577,2874.103,2886.237
2019-09-02,2886.942,2928.479,2883.682,2924.106
2019-09-03,2925.942,2930.154,2915.197,2930.154
2019-09-04,2927.747,2957.412,2925.883,2957.412
2019-09-05,2972.662,3015.844,2972.662,2985.865
2019-09-06,2996.622,2999.943,2981.598,2999.601
2019-09-09,3023.778,3026.24,3005.695,3024.739
2019-09-10,3027.41,3027.41,3005.383,3021.202
2019-09-11,3029.933,3030.557,3004.215,3008.812
2019-09-12,3016.627,3033.473,3005.195,3031.235
2019-09-16,3041.922,3042.928,3020.05,3030.754
2019-09-17,3023.711,3023.711,2970.57,2978.118
2019-09-18,2984.084,2996.402,2982.4,2985.659
2019-09-19,2992.922,2999.279,2975.398,2999.279
2019-09-20,3004.814,3011.34,2996.193,3006.447
2019-09-23,2998.4,2998.4,2960.827,2977.077
2019-09-24,2979.475,3002.897,2973.76,2985.341
2019-09-25,2977.668,2977.668,2955.433,2955.433
2019-09-26,2964.478,2970.035,2928.259,2929.088
2019-09-27,2929.486,2939.079,2920.93,2932.167
2019-09-30,2927.917,2936.482,2905.189,2905.189
2019-10-08,2905.756,2933.016,2905.756,2913.57
2019-10-09,2902.075,2924.857,2891.539,2924.857
2019-10-10,2923.707,2949.24,2918.228,2947.711
2019-10-11,2954.819,2980.788,2943.014,2973.656
2019-10-14,2993.962,3026.383,2989.813,3007.883
2019-10-15,3005.665,3005.665,2986.303,2991.046
2019-10-16,2992.61,3010.424,2975.923,2978.712
2019-10-17,2979.993,2986.719,2969.568,2977.334
2019-10-18,2982.342,2987.204,2933.242,2938.141
2019-10-21,2933.897,2940.325,2917.688,2939.618
2019-10-22,2945.6,2954.642,2934.387,2954.38
2019-10-23,2952.969,2957.3,2934.627,2941.619
2019-10-24,2944.007,2953.044,2927.061,2940.922
2019-10-25,2940.474,2958.241,2920.52,2954.933
2019-10-28,2958.686,2980.128,2956.961,2980.05
2019-10-29,2979.037,2979.037,2954.176,2954.176
2019-10-30,2949.463,2953.299,2934.828,2939.321
2019-10-31,2944.843,2946.752,2923.517,2929.056
2019-11-01,2924.34,2959.833,2917.146,2958.199
2019-11-04,2964.576,2983.058,2964.576,2975.492
2019-11-05,2977.705,3008.314,2968.032,2991.562
2019-11-06,2992.04,2995.563,2969.724,2978.596
2019-11-07,2978.153,2988.955,2969.12,2978.714
2019-11-08,2993.977,2998.759,2962.845,2964.185
2019-11-11,2949.962,2949.962,2906.769,2909.975
2019-11-12,2912.996,2918.303,2891.511,2914.823
2019-11-13,2913.02,2913.861,2893.971,2905.241
2019-11-14,2907.736,2917.374,2899.619,2909.87
2019-11-15,2911.35,2917.829,2891.204,2891.343
2019-11-18,2889.55,2911.378,2884.088,2909.2
2019-11-19,2904.278,2933.991,2902.855,2933.991
2019-11-20,2928.107,2930.493,2907.423,2911.053
2019-11-21,2902.553,2910.361,2891.531,2903.638
2019-11-22,2906.243,2925.018,2873.99,2885.288
2019-11-25,2885.613,2906.609,2880.654,2906.169
2019-11-26,2912.521,2915.041,2897.928,2907.06
2019-11-27,2905.396,2914.487,2893.418,2903.195
2019-11-28,2902.364,2909.84,2883.434,2889.693
2019-11-29,2885.974,2892.388,2858.581,2871.981
2019-12-02,2874.448,2888.89,2870.242,2875.807
2019-12-03,2869.882,2884.856,2857.32,2884.699
2019-12-04,2876.908,2882.498,2869.422,2878.116
2019-12-05,2886.516,2902.002,2885.08,2899.469
2019-12-06,2902.278,2912.014,2894.751,2912.014
2019-12-09,2914.458,2919.589,2905.25,2914.478
2019-12-10,2908.944,2919.201,2902.79,2917.316
2019-12-11,2922.602,2928.256,2915.001,2924.417
2019-12-12,2926.342,2926.342,2913.476,2915.698
2019-12-13,2937.776,2969.981,2935.849,2967.676
2019-12-16,2970.969,2984.641,2958.706,2984.393
2019-12-17,2985.262,3039.383,2982.496,3022.422
2019-12-18,3021.466,3033.234,3011.721,3017.044
2019-12-19,3017.153,3021.418,3007.992,3017.066
2019-12-20,3019.64,3027.484,3002.26,3004.938
2019-12-23,2999.036,3009.338,2960.435,2962.751
2019-12-24,2965.826,2983.819,2960.684,2982.681
2019-12-25,2980.428,2988.292,2970.657,2981.881
2019-12-26,2981.249,3007.355,2980.397,3007.355
2019-12-27,3006.852,3036.113,3003.631,3005.036
2019-12-30,2998.169,3041.397,2983.344,3040.024
2019-12-31,3036.386,3051.677,3030.512,3050.124
2020-01-02,3066.336,3098.1,3066.336,3085.198
2020-01-03,3089.022,3093.819,3074.518,3083.786
2020-01-06,3070.909,3107.203,3065.309,3083.408
2020-01-07,3085.488,3105.451,3084.329,3104.802
2020-01-08,3094.239,3094.239,3059.131,3066.893
2020-01-09,3082.64,3097.329,3080.131,3094.882
2020-01-10,3102.294,3105.225,3081.396,3092.291
2020-01-13,3091.493,3115.57,3075.384,3115.57
2020-01-14,3120.667,3127.169,3105.605,3106.82
2020-01-15,3103.175,3107.943,3082.043,3090.038
2020-01-16,3095.734,3096.372,3070.884,3074.081
2020-01-17,3081.464,3091.952,3067.253,3075.496
2020-01-20,3082.113,3096.311,3070.48,3095.787
2020-01-21,3085.79,3085.79,3051.23,3052.142
2020-01-22,3038.487,3069.253,3006.268,3060.755
2020-01-23,3037.952,3045.041,2955.346,2976.528
2020-02-03,2716.698,2766.577,2716.698,2746.606
2020-02-04,2685.269,2786.164,2685.269,2783.288
2020-02-05,2792.371,2842.743,2778.864,2818.088
2020-02-06,2826.885,2876.588,2807.609,2866.51
2020-02-07,2858.932,2875.964,2838.77,2875.964
2020-02-10,2860.499,2891.848,2851.05,2890.488
2020-02-11,2894.541,2913.816,2882.243,2901.674
2020-02-12,2895.556,2926.899,2892.424,2926.899
2020-02-13,2927.144,2935.406,2901.243,2906.074
2020-02-14,2899.866,2926.943,2899.574,2917.008
2020-02-17,2924.991,2983.637,2924.991,2983.622
2020-02-18,2981.41,2990.6,2960.775,2984.972
2020-02-19,2979.522,2998.272,2971.822,2975.402
2020-02-20,2981.88,3031.371,2968.445,3030.154
2020-02-21,3022.246,3058.898,3020.141,3039.669
2020-02-24,3027.893,3042.182,3007.356,3031.233
2020-02-25,2982.07,3016.946,2943.717,3013.05
2020-02-26,2978.42,3028.779,2974.942,2987.929
2020-02-27,2992.492,3009.458,2980.477,2991.329
2020-02-28,2924.641,2948.126,2878.544,2880.304
2020-03-02,2899.31,2982.507,2899.31,2970.931
2020-03-03,3006.889,3026.842,2976.623,2992.897
2020-03-04,2981.806,3012.004,2974.358,3011.666
2020-03-05,3036.155,3074.257,3022.926,3071.677
2020-03-06,3039.94,3052.444,3029.463,3034.511
2020-03-09,2987.181,2989.205,2940.714,2943.291
2020-03-10,2918.935,3000.296,2904.799,2996.762
2020-03-11,3001.762,3010.029,2968.517,2968.517
2020-03-12,2936.016,2944.465,2906.284,2923.486
2020-03-13,2804.232,2910.881,2799.984,2887.427
2020-03-16,2897.301,2898.035,2784.662,2789.254
2020-03-17,2796.284,2826.907,2715.221,2779.641
2020-03-18,2792.322,2815.874,2728.756,2728.756
2020-03-19,2719.406,2736.82,2646.805,2702.13
2020-03-20,2727.019,2751.896,2702.493,2745.618
2020-03-23,2677.591,2703.33,2656.501,2660.167
2020-03-24,2703.019,2723.407,2667.133,2722.438
2020-03-25,2775.303,2788.635,2757.802,2781.591
2020-03-26,2761.896,2788.504,2753.428,2764.911
2020-03-27,2792.984,2805.548,2771.756,2772.203
2020-03-30,2739.719,2759.099,2723.054,2747.214
2020-03-31,2767.307,2771.168,2743.115,2750.296
2020-04-01,2743.541,2773.364,2731.079,2734.522
2020-04-02,2720.228,2780.638,2719.904,2780.638
2020-04-03,2773.576,2780.587,2754.073,2763.987
2020-04-07,2806.968,2823.277,2801.839,2820.763
2020-04-08,2805.917,2823.214,2800.296,2815.369
2020-04-09,2825.839,2832.395,2820.433,2825.904
2020-04-10,2827.187,2833.015,2789.976,2796.631
2020-04-13,2784.598,2792.891,2774.081,2783.048
2020-04-14,2794.801,2827.298,2789.428,2827.283
2020-04-15,2826.662,2829.75,2808.704,2811.174
2020-04-16,2798.43,2823.338,2796.839,2819.935
2020-04-17,2835.558,2854.96,2830.022,2838.495
2020-04-20,2840.409,2852.99,2833.262,2852.553
2020-04-21,2842.237,2842.237,2808.021,2827.013
2020-04-22,2814.066,2843.98,2808.482,2843.98
2020-04-23,2850.51,2853.636,2835.896,2838.499
2020-04-24,2834.939,2834.939,2802.499,2808.529
2020-04-27,2812.242,2832.666,2802.958,2815.495
2020-04-28,2819.991,2821.745,2758.246,2810.024
2020-04-29,2801.383,2831.764,2800.738,2822.442
2020-04-30,2832.384,2865.59,2832.384,2860.082
2020-05-06,2831.633,2879.263,2830.654,2878.14
2020-05-07,2876.473,2882.022,2864.581,2871.523
2020-05-08,2882.708,2903.797,2879.203,2895.344
2020-05-11,2901.574,2914.284,2884.381,2894.802
2020-05-12,2894.617,2897.902,2871.23,2891.556
2020-05-13,2882.955,2900.259,2875.535,2898.05
2020-05-14,2887.058,2887.058,2869.183,2870.342
2020-05-15,2880.707,2884.22,2863.37,2868.459
2020-05-18,2872.524,2889.98,2862.271,2875.418
2020-05-19,2897.687,2900.219,2887.577,2898.576
2020-05-20,2896.466,2896.466,2876.177,2883.738
2020-05-21,2890.721,2891.518,2864.207,2867.924
2020-05-22,2863.046,2863.046,2808.018,2813.765
2020-05-25,2816.241,2821.498,2802.465,2817.97
2020-05-26,2827.897,2848.337,2825.901,2846.547
2020-05-27,2847.32,2848.997,2831.928,2836.804
2020-05-28,2838.207,2861.924,2820.146,2846.222
2020-05-29,2835.584,2855.376,2829.627,2852.351
2020-06-01,2871.964,2917.151,2871.964,2915.431
2020-06-02,2916.317,2926.359,2909.128,2921.398
2020-06-03,2930.391,2942.76,2922.661,2923.371
2020-06-04,2931.838,2932.968,2910.752,2919.251
2020-06-05,2923.189,2930.799,2909.118,2930.799
2020-06-08,2941.982,2950.066,2934.21,2937.771
2020-06-09,2939.535,2957.119,2932.939,2956.112
2020-06-10,2951.278,2951.33,2934.843,2943.753
2020-06-11,2939.791,2952.651,2912.193,2920.897
2020-06-12,2876.803,2930.255,2872.617,2919.741
2020-06-15,2908.277,2922.536,2890.031,2890.031
2020-06-16,2912.825,2931.779,2909.134,2931.749
2020-06-17,2932.671,2936.616,2919.035,2935.873
2020-06-18,2929.88,2942.898,2920.105,2939.315
2020-06-19,2938.789,2973.316,2935.824,2967.634
2020-06-22,2966.901,2983.438,2959.035,2965.272
2020-06-23,2960.888,2972.403,2949.847,2970.62
2020-06-24,2972.983,2982.943,2971.224,2979.551
2020-06-29,2973.076,2977.912,2951.77,2961.516
2020-06-30,2965.105,2990.825,2965.105,2984.674
2020-07-01,2991.181,3026.186,2984.984,3025.981
2020-07-02,3023.719,3092.443,3021.674,3090.569
2020-07-03,3103.995,3152.813,3103.995,3152.813
2020-07-06,3187.839,3337.272,3187.839,3332.881
2020-07-07,3380.954,3407.081,3336.242,3345.337
2020-07-08,3337.552,3421.531,3327.706,3403.44
2020-07-09,3403.483,3456.972,3393.638,3450.594
2020-07-10,3418.935,3433.109,3372.507,3383.322
2020-07-13,3379.387,3458.791,3369.038,3443.286
2020-07-14,3435.024,3451.222,3366.083,3414.619
2020-07-15,3422.078,3432.451,3345.749,3361.304
2020-07-16,3356.359,3373.532,3209.727,3210.099
2020-07-17,3214.402,3252.779,3181.275,3214.129
2020-07-20,3243.911,3314.149,3220.684,3314.149
2020-07-21,3330.547,3336.679,3300.572,3320.895
2020-07-22,3315.182,3381.976,3311.786,3333.164
2020-07-23,3306.149,3336.3,3257.827,3325.11
2020-07-24,3310.645,3319.127,3184.965,3196.768
2020-07-27,3210.386,3221.985,3174.658,3205.227
2020-07-28,3226.133,3245.297,3208.494,3227.96
2020-07-29,3221.988,3294.552,3209.99,3294.552
2020-07-30,3299.572,3312.451,3282.162,3286.822
2020-07-31,3280.796,3333.786,3261.614,3310.007
2020-08-03,3332.183,3368.103,3327.677,3367.966
2020-08-04,3376.44,3391.074,3352.502,3371.688
2020-08-05,3363.332,3383.637,3333.877,3377.565
2020-08-06,3380.762,3392.705,3334.334,3386.463
2020-08-07,3370.588,3374.133,3307.713,3354.035
2020-08-10,3341.528,3399.932,3335.043,3379.252
2020-08-11,3379.487,3409.059,3336.095,3340.29
2020-08-12,3327.493,3335.729,3263.265,3319.266
2020-08-13,3328.175,3338.152,3309.463,3320.726
2020-08-14,3315.669,3362.027,3302.736,3360.099
2020-08-17,3373.902,3450.899,3369.374,3438.801
2020-08-18,3441.934,3456.721,3432.64,3451.089
2020-08-19,3444.565,3454.461,3406.164,3408.129
2020-08-20,3385.965,3394.557,3352.777,3363.899
2020-08-21,3380.227,3393.918,3358.001,3380.683
2020-08-24,3391.113,3396.566,3368.026,3385.638
2020-08-25,3392.88,3408.87,3364.16,3373.578
2020-08-26,3371.808,3382.603,3320.136,3329.739
2020-08-27,3333.491,3351.832,3312.986,3350.113
2020-08-28,3346.289,3405.877,3339.649,3403.807
2020-08-31,3416.55,3442.736,3395.468,3395.678
2020-09-01,3389.742,3410.607,3381.711,3410.607
2020-09-02,3420.469,3421.396,3377.211,3404.802
2020-09-03,3404.032,3425.629,3374.263,3384.981
2020-09-04,3336.408,3360.106,3328.552,3355.367
2020-09-07,3349.918,3368.245,3285.633,3292.591
2020-09-08,3301.217,3324.393,3276.443,3316.417
2020-09-09,3280.997,3289.615,3238.561,3254.628
2020-09-10,3282.232,3285.473,3227.644,3234.823
2020-09-11,3225.784,3262.498,3220.536,3260.346
2020-09-14,3275.918,3283.533,3261.148,3278.814
2020-09-15,3277.128,3297.69,3263.752,3295.68
2020-09-16,3293.168,3302.456,3271.075,3283.924
2020-09-17,3277.324,3290.409,3248.499,3270.435
2020-09-18,3270.911,3338.324,3268.526,3338.09
2020-09-21,3348.899,3350.589,3313.071,3316.935
2020-09-22,3290.666,3320.228,3265.703,3274.302
2020-09-23,3278.836,3289.762,3264.891,3279.711
2020-09-24,3262.879,3265.345,3221.237,3223.176
2020-09-25,3234.374,3239.466,3208.035,3219.418
2020-09-28,3224.977,3238.183,3210.893,3217.535
2020-09-29,3231.855,3242.794,3219.79,3224.359
2020-09-30,3232.71,3244.913,3202.344,3218.052
2020-10-09,3262.611,3280.512,3260.187,3272.076
2020-10-12,3287.328,3359.153,3286.111,3358.465
2020-10-13,3353.121,3361.832,3334.499,3359.75
2020-10-14,3353.625,3353.625,3332.964,3340.778
2020-10-15,3342.922,3354.578,3330.001,3332.183
2020-10-16,3334.457,3348.954,3319.11,3336.358
2020-10-19,3351.096,3371.086,3307.841,3312.667
2020-10-20,3307.15,3328.103,3293.766,3328.103
2020-10-21,3332.147,3332.147,3304.169,3325.025
2020-10-22,3315.821,3320.879,3281.366,3312.501
2020-10-23,3308.158,3326.049,3276.62,3277.997
2020-10-26,3258.703,3264.446,3226.602,3251.119
2020-10-27,3240.74,3258.337,3235.544,3254.316
2020-10-28,3256.223,3275.871,3238.382,3269.238
2020-10-29,3235.765,3289.766,3231.124,3272.727
2020-10-30,3278.631,3279.856,3219.422,3224.533
2020-11-02,3228.715,3242.804,3209.909,3225.12
2020-11-03,3239.806,3278.381,3237.854,3271.074
2020-11-04,3273.433,3286.621,3254.111,3277.44
2020-11-05,3305.58,3320.408,3291.6,3320.133
2020-11-06,3326.465,3326.465,3292.151,3312.159
2020-11-09,3329.429,3380.824,3329.429,3373.734
2020-11-10,3387.622,3387.622,3346.172,3360.149
2020-11-11,3354.025,3365.836,3339.041,3342.203
2020-11-12,3344.456,3350.285,3329.485,3338.679
2020-11-13,3327.229,3327.229,3291.643,3310.105
2020-11-16,3325.621,3346.969,3313.647,3346.969
2020-11-17,3347.151,3347.698,3323.951,3339.895
2020-11-18,3337.332,3358.894,3333.992,3347.303
2020-11-19,3339.086,3367.333,3330.45,3363.088
2020-11-20,3359.597,3380.149,3356.309,3377.727
2020-11-23,3384.104,3431.653,3377.986,3414.49
2020-11-24,3407.409,3413.926,3396.244,3402.823
2020-11-25,3417.515,3423.485,3362.327,3362.327
2020-11-26,3360.061,3371.454,3344.282,3369.733
2020-11-27,3373.843,3408.307,3364.492,3408.307
2020-11-30,3418.158,3456.737,3391.755,3391.755
2020-12-01,3388.987,3457.635,3386.911,3451.938
2020-12-02,3453.518,3465.729,3435.871,3449.381
2020-12-03,3448.54,3452.161,3428.804,3442.136
2020-12-04,3436.729,3448.404,3417.048,3444.581
2020-12-07,3446.648,3449.578,3414.314,3416.604
2020-12-08,3417.694,3428.662,3403.026,3410.177
2020-12-09,3416.078,3422.536,3371.916,3371.964
2020-12-10,3365.731,3384.888,3357.753,3373.276
2020-12-11,3381.008,3383.178,3325.172,3347.191
2020-12-14,3349.534,3371.129,3338.626,3369.12
2020-12-15,3366.581,3373.558,3348.419,3367.233
2020-12-16,3371.263,3378.663,3359.171,3366.983
2020-12-17,3367.277,3406.155,3354.011,3404.873
2020-12-18,3400.486,3413.813,3382.751,3394.896
2020-12-21,3394.395,3423.609,3381.116,3420.569
2020-12-22,3410.968,3415.754,3353.858,3356.782
2020-12-23,3362.472,3394.209,3360.202,3382.32
2020-12-24,3382.193,3394.075,3354.022,3363.113
2020-12-25,3351.79,3397.007,3348.345,3396.563
2020-12-28,3396.359,3412.519,3383.654,3397.285
2020-12-29,3399.294,3407.088,3376.088,3379.036
2020-12-30,3375.009,3414.454,3374.416,3414.453
2020-12-31,3419.727,3474.918,3419.727,3473.069
2021-01-04,3474.679,3511.655,3457.206,3502.958
2021-01-05,3492.191,3528.677,3484.715,3528.677
2021-01-06,3530.907,3556.802,3513.126,3550.877
2021-01-07,3552.909,3576.205,3526.617,3576.205
2021-01-08,3577.692,3588.063,3544.891,3570.108
2021-01-11,3571.321,3597.702,3516.986,3531.498
2021-01-12,3518.011,3608.339,3517.469,3608.339
2021-01-13,3613.281,3622.348,3575.595,3598.652
2021-01-14,3584.932,3599.058,3559.6,3565.905
2021-01-15,3566.285,3589.266,3533.788,3566.378
2021-01-18,3554.798,3608.767,3544.261,3596.224
2021-01-19,3596.356,3603.148,3553.024,3566.381
2021-01-20,3564.121,3589.962,3556.443,3583.092
2021-01-21,3590.925,3636.244,3585.802,3621.264
2021-01-22,3616.54,3616.54,3585.034,3606.75
2021-01-25,3605.361,3637.1,3591.02,3624.238
2021-01-26,3610.969,3610.969,3564.742,3569.429
2021-01-27,3567.549,3578.797,3546.492,3573.341
2021-01-28,3534.669,3549.544,3496.879,3505.176
2021-01-29,3521.718,3531.598,3446.547,3483.069
2021-02-01,3477.172,3506.389,3469.875,3505.284
2021-02-02,3510.808,3535.502,3495.568,3533.685
2021-02-03,3531.149,3544.009,3508.507,3517.308
2021-02-04,3503.779,3524.722,3465.771,3501.859
2021-02-05,3509.487,3536.542,3492.962,3496.333
2021-02-08,3504.563,3542.208,3492.129,3532.447
2021-02-09,3539.773,3604.011,3528.676,3603.489
2021-02-10,3612.613,3662.766,3612.505,3655.088
2021-02-18,3721.087,3731.687,3663.664,3675.357
2021-02-19,3661.783,3699.65,3634.015,3696.168
2021-02-22,3707.191,3717.267,3642.445,3642.445
2021-02-23,3617.701,3672.151,3617.701,3636.357
2021-02-24,3638.936,3645.647,3531.594,3564.08
2021-02-25,3595.542,3608.557,3568.474,3585.046
2021-02-26,3514.565,3550.406,3500.704,3509.08
2021-03-01,3531.48,3552.567,3511.989,3551.4
2021-03-02,3566.852,3566.852,3485.364,3508.591
2021-03-03,3500.158,3577.622,3498.719,3576.905
2021-03-04,3546.641,3552.202,3487.376,3503.492
2021-03-05,3463.309,3523.568,3456.667,3501.987
2021-03-08,3524.983,3542.304,3421.215,3421.414
2021-03-09,3415.339,3429.15,3328.312,3359.292
2021-03-10,3389.839,3397.025,3354.823,3357.737
2021-03-11,3369.902,3436.831,3369.902,3436.831
2021-03-12,3447.203,3454.506,3417.239,3453.078
2021-03-15,3441.882,3457.489,3392.509,3419.946
2021-03-16,3424.652,3448.883,3406.175,3446.733
2021-03-17,3435.732,3454.056,3410.282,3445.551
2021-03-18,3449.641,3478.145,3449.377,3463.068
2021-03-19,3423.873,3439.524,3389.293,3404.663
2021-03-22,3406.123,3443.66,3404.234,3443.439
2021-03-23,3445.341,3445.416,3390.048,3411.509
2021-03-24,3394.128,3415.295,3362.185,3367.061
2021-03-25,3355.071,3382.226,3344.97,3363.592
2021-03-26,3373.317,3423.223,3373.317,3418.327
2021-03-29,3429.632,3449.834,3409.887,3435.296
2021-03-30,3432.529,3457.635,3423.315,3456.677
2021-03-31,3452.208,3452.208,3420.832,3441.912
2021-04-01,3444.81,3470.031,3438.826,3466.332
2021-04-02,3472.628,3487.586,3462.832,3484.392
2021-04-06,3491.634,3493.281,3471.761,3482.967
2021-04-07,3483.421,3483.421,3453.195,3479.626
2021-04-08,3467.487,3495.909,3459.325,3482.555
2021-04-09,3475.443,3475.447,3442.139,3450.677
2021-04-12,3445.97,3456.158,3403.901,3412.948
2021-04-13,3411.293,3425.395,3387.902,3396.47
2021-04-14,3397.021,3420.028,3392.975,3416.721
2021-04-15,3409.614,3409.614,3373.094,3398.988
2021-04-16,3407.188,3432.629,3394.134,3426.618
2021-04-19,3427.548,3479.01,3414.356,3477.549
2021-04-20,3467.148,3494.298,3463.464,3472.943
2021-04-21,3456.299,3481.251,3450.111,3472.93
2021-04-22,3482.833,3485.359,3456.316,3465.114
2021-04-23,3462.086,3482.359,3456.333,3474.166
2021-04-26,3484.107,3497.121,3438.572,3441.166
2021-04-27,3440.091,3443.854,3417.265,3442.611
2021-04-28,3432.161,3457.068,3423.325,3457.068
2021-04-29,3458.082,3478.228,3447.588,3474.901
2021-04-30,3468.302,3469.087,3426.902,3446.856
2021-05-06,3446.074,3471.24,3426.849,3441.283
2021-05-07,3446.407,3457.892,3416.776,3418.874
2021-05-10,3423.59,3429.736,3401.935,3427.991
2021-05-11,3406.598,3448.096,3384.697,3441.845
2021-05-12,3429.754,3466.371,3428.394,3462.751
2021-05-13,3432.138,3448.017,3418.385,3429.536
2021-05-14,3436.092,3490.644,3422.565,3490.376
2021-05-17,3490.409,3530.506,3490.144,3517.616
2021-05-18,3520.649,3529.014,3510.862,3529.014
2021-05-19,3521.11,3521.11,3503.815,3510.965
2021-05-20,3500.877,3517.74,3486.066,3506.944
2021-05-21,3510.835,3518.377,3479.674,3486.557
2021-05-24,3486.271,3498.304,3469.875,3497.282
2021-05-25,3502.539,3584.577,3502.443,3581.342
2021-05-26,3586.839,3603.488,3585.37,3593.357
2021-05-27,3585.734,3626.358,3579.26,3608.851
2021-05-28,3610.767,3622.18,3582.358,3600.784
2021-05-31,3600.07,3615.657,3580.652,3615.477
2021-06-01,3608.598,3626.074,3581.912,3624.714
2021-06-02,3626.328,3629.29,3584.596,3597.138
2021-06-03,3595.422,3618.507,3584.205,3584.212
2021-06-04,3565.472,3618.8,3561.891,3591.845
2021-06-07,3597.141,3600.376,3581.899,3599.541
2021-06-08,3598.753,3621.523,3563.25,3580.106
2021-06-09,3576.802,3598.708,3572.636,3591.397
2021-06-10,3587.528,3624.343,3584.133,3610.859
2021-06-11,3614.113,3614.404,3587.149,3589.748
2021-06-15,3587.466,3592.947,3547.187,3556.559
2021-06-16,3556.714,3561.092,3513.559,3518.329
2021-06-17,3508.317,3534.198,3507.354,3525.604
2021-06-18,3520.497,3535.622,3503.183,3525.097
2021-06-21,3515.501,3540.296,3504.008,3529.183
2021-06-22,3539.788,3560.195,3536.812,3557.412
2021-06-23,3559.399,3577.466,3549.848,3566.22
2021-06-24,3568.576,3570.487,3548.816,3566.654
2021-06-25,3567.377,3614.298,3564.52,3607.562
2021-06-28,3612.247,3614.357,3594.217,3606.372
2021-06-29,3601.677,3601.827,3570.525,3573.178
2021-06-30,3572.624,3594.119,3569.501,3591.197
2021-07-01,3600.546,3607.705,3573.937,3588.782
2021-07-02,3569.892,3569.892,3514.339,3518.76
2021-07-05,3516.923,3534.322,3510.578,3534.322
2021-07-06,3533.13,3538.347,3496.928,3530.259
2021-07-07,3508.59,3557.879,3504.472,3553.716
2021-07-08,3557.218,3558.677,3521.058,3525.504
2021-07-09,3512.233,3529.31,3485.054,3524.088
2021-07-12,3545.198,3565.032,3527.393,3547.836
2021-07-13,3547.59,3567.481,3542.815,3566.523
2021-07-14,3560.828,3560.828,3525.494,3528.501
2021-07-15,3519.063,3565.935,3514.258,3564.59
2021-07-16,3559.526,3565.999,3537.729,3539.304
2021-07-19,3530.493,3544.879,3506.342,3539.123
2021-07-20,3515.072,3538.636,3509.192,3536.791
2021-07-21,3543.053,3569.09,3543.053,3562.661
2021-07-22,3563.661,3576.473,3558.293,3574.734
2021-07-23,3571.715,3571.854,3541.51,3550.396
2021-07-26,3538.014,3538.014,3424.742,3467.441
2021-07-27,3467.447,3483.874,3380.276,3381.183
2021-07-28,3355.819,3385.536,3312.721,3361.59
2021-07-29,3403.838,3416.607,3382.571,3411.724
2021-07-30,3398.196,3404.881,3370.451,3397.357
2021-08-02,3385.69,3464.291,3367.643,3464.285
2021-08-03,3446.784,3470.657,3435.462,3447.991
2021-08-04,3442.937,3477.597,3440.784,3477.219
2021-08-05,3461.719,3486.157,3449.389,3466.549
2021-08-06,3465.484,3466.39,3436.932,3458.228
2021-08-09,3441.75,3502.841,3438.703,3494.635
2021-08-10,3488.664,3529.931,3477.064,3529.931
2021-08-11,3527.109,3544.094,3524.044,3532.621
2021-08-12,3522.724,3538.396,3513.446,3524.737
2021-08-13,3514.467,3540.08,3500.8,3516.299
2021-08-16,3514.345,3537.85,3510.898,3517.345
2021-08-17,3512.109,3531.725,3438.123,3446.976
2021-08-18,3442.347,3487.436,3437.691,3485.286
2021-08-19,3475.298,3480.46,3446.015,3465.555
2021-08-20,3442.506,3453.153,3394.972,3427.334
2021-08-23,3436.796,3481.254,3436.671,3477.132
2021-08-24,3482.266,3522.697,3481.141,3514.471
2021-08-25,3517.915,3540.395,3510.066,3540.384
2021-08-26,3537.314,3537.316,3499.453,3501.664
2021-08-27,3494.418,3530.193,3493.375,3522.157
2021-08-30,3535.073,3539.494,3512.993,3528.151
2021-08-31,3519.025,3543.94,3496.389,3543.94
2021-09-01,3543.866,3582.324,3514.674,3567.101
2021-09-02,3559.903,3597.366,3557.677,3597.043
2021-09-03,3602.742,3613.948,3569.399,3581.734
2021-09-06,3580.141,3626.287,3580.141,3621.859
2021-09-07,3621.71,3681.925,3615.144,3676.587
2021-09-08,3673.402,3695.32,3661.0,3675.187
2021-09-09,3666.825,3693.45,3662.163,3693.13
2021-09-10,3691.186,3722.873,3681.642,3703.11
2021-09-13,3699.253,3716.832,3692.816,3715.372
2021-09-14,3709.634,3723.845,3655.634,3662.602
2021-09-15,3651.158,3677.527,3638.323,3656.223
2021-09-16,3664.841,3677.92,3606.728,3607.092
2021-09-17,3595.272,3620.958,3569.271,3613.966
2021-09-22,3563.207,3629.454,3560.503,3628.49
2021-09-23,3651.266,3670.954,3632.282,3642.22
2021-09-24,3637.868,3651.429,3607.792,3613.067
2021-09-27,3625.96,3640.808,3559.915,3582.831
2021-09-28,3577.886,3610.917,3568.819,3602.218
2021-09-29,3573.518,3573.518,3518.048,3536.294
2021-09-30,3541.928,3572.426,3541.928,3568.167
2021-10-08,3609.087,3612.554,3571.734,3592.167
2021-10-11,3600.357,3614.699,3586.749,3591.709
2021-10-12,3581.297,3583.639,3515.141,3546.936
2021-10-13,3543.492,3569.133,3515.648,3561.762
2021-10-14,3555.109,3569.686,3547.182,3558.28
2021-10-15,3551.987,3578.766,3542.693,3572.366
2021-10-18,3571.048,3571.048,3539.478,3568.138
2021-10-19,3562.296,3596.788,3560.622,3593.153
2021-10-20,3583.236,3596.05,3574.296,3587.001
2021-10-21,3590.05,3610.96,3576.355,3594.783
2021-10-22,3594.746,3607.578,3578.76,3582.604
2021-10-25,3574.263,3611.091,3564.206,3609.863
2021-10-26,3612.833,3625.016,3589.706,3597.638
2021-10-27,3589.857,3589.857,3553.128,3562.305
2021-10-28,3548.702,3552.042,3509.487,3518.417
2021-10-29,3519.328,3547.336,3502.801,3547.336
2021-11-01,3530.396,3556.59,3519.29,3544.48
2021-11-02,3543.383,3559.048,3477.664,3505.628
2021-11-03,3501.105,3512.609,3480.488,3498.537
2021-11-04,3505.894,3527.952,3503.006,3526.866
2021-11-05,3520.207,3525.872,3491.457,3491.568
2021-11-08,3491.971,3507.274,3484.24,3498.631
2021-11-09,3507.108,3514.951,3489.043,3507.002
2021-11-10,3498.945,3498.945,3448.438,3492.462
2021-11-11,3486.451,3534.199,3482.829,3532.786
2021-11-12,3534.151,3543.648,3527.39,3539.1
2021-11-15,3542.903,3550.444,3521.292,3533.303
2021-11-16,3530.458,3549.765,3517.807,3521.787
2021-11-17,3518.565,3537.513,3513.523,3537.366
2021-11-18,3531.492,3537.976,3513.114,3520.711
2021-11-19,3519.276,3561.913,3517.651,3560.373
2021-11-22,3562.763,3585.188,3562.751,3582.08
2021-11-23,3580.506,3598.375,3577.361,3589.089
2021-11-24,3590.019,3602.735,3575.288,3592.703
2021-11-25,3593.388,3597.148,3579.533,3584.179
2021-11-26,3576.114,3576.114,3554.88,3564.089
2021-11-29,3528.672,3563.677,3526.355,3562.697
2021-11-30,3570.747,3582.115,3546.362,3563.887
2021-12-01,3561.886,3576.885,3558.691,3576.885
2021-12-02,3573.247,3586.867,3567.137,3573.836
2021-12-03,3576.45,3608.47,3573.214,3607.432
2021-12-06,3615.236,3626.126,3586.805,3589.306
2021-12-07,3611.217,3614.223,3572.569,3595.088
2021-12-08,3602.824,3637.715,3591.986,3637.568
2021-12-09,3641.158,3688.397,3638.702,3673.041
2021-12-10,3654.368,3667.855,3651.353,3666.348
2021-12-13,3686.937,3708.942,3678.058,3681.082
2021-12-14,3669.807,3671.678,3654.656,3661.525
2021-12-15,3655.049,3668.402,3645.243,3647.63
2021-12-16,3648.927,3675.016,3644.665,3675.016
2021-12-17,3670.258,3673.654,3631.661,3632.364
2021-12-20,3620.037,3643.954,3589.36,3593.602
2021-12-21,3591.452,3627.088,3591.452,3625.125
2021-12-22,3632.676,3635.899,3616.548,3622.618
2021-12-23,3625.47,3643.546,3618.048,3643.339
2021-12-24,3645.395,3648.956,3612.067,3618.054
2021-12-27,3613.047,3632.188,3601.935,3615.974
2021-12-28,3619.642,3631.077,3607.364,3630.112
2021-12-29,3630.916,3630.916,3596.323,3597.0
2021-12-30,3596.492,3628.918,3595.496,3619.189
2021-12-31,3626.242,3642.843,3624.942,3639.775
2022-01-04,3649.151,3651.892,3610.092,3632.329
2022-01-05,3628.263,3628.263,3583.467,3595.176
2022-01-06,3581.218,3594.489,3559.88,3586.079
2022-01-07,3588.985,3607.232,3577.098,3579.543
2022-01-10,3572.743,3593.519,3555.126,3593.519
2022-01-11,3589.904,3602.145,3562.754,3567.441
2022-01-12,3578.163,3599.499,3572.097,3597.432
2022-01-13,3601.027,3601.073,3555.158,3555.259
2022-01-14,3544.065,3548.42,3519.322,3521.256
2022-01-17,3522.085,3546.085,3519.426,3541.666
2022-01-18,3541.89,3579.313,3531.33,3569.914
2022-01-19,3567.631,3578.735,3541.662,3558.18
2022-01-20,3556.226,3576.259,3540.555,3555.063
2022-01-21,3546.75,3547.0,3514.885,3522.568
2022-01-24,3508.244,3531.608,3500.139,3524.105
2022-01-25,3509.285,3519.833,3433.061,3433.061
2022-01-26,3442.692,3462.123,3417.759,3455.668
2022-01-27,3456.102,3456.363,3392.015,3394.247
2022-01-28,3407.593,3417.045,3356.556,3361.44
2022-02-07,3407.762,3434.026,3407.762,3429.581
2022-02-08,3428.542,3453.186,3390.458,3452.629
2022-02-09,3450.818,3484.739,3444.085,3479.946
2022-02-10,3481.91,3488.855,3464.217,3485.907
2022-02-11,3472.276,3500.147,3459.33,3462.948
2022-02-14,3451.847,3457.265,3415.446,3428.882
2022-02-15,3428.045,3447.492,3421.64,3446.089
2022-02-16,3457.073,3475.058,3453.801,3465.831
2022-02-17,3464.209,3480.972,3454.277,3468.035
2022-02-18,3451.632,3490.757,3447.027,3490.757
2022-02-21,3488.406,3492.199,3471.686,3490.612
2022-02-22,3473.287,3473.393,3437.672,3457.146
2022-02-23,3458.514,3490.763,3458.18,3489.147
2022-02-24,3474.369,3486.977,3400.214,3429.956
2022-02-25,3445.336,3480.176,3440.934,3451.406
2022-02-28,3450.316,3462.306,3425.516,3462.306
2022-03-01,3471.365,3491.132,3465.715,3488.835
2022-03-02,3478.293,3486.621,3467.0,3484.192
2022-03-03,3495.928,3500.287,3473.338,3481.113
2022-03-04,3459.985,3474.882,3437.696,3447.649
2022-03-07,3438.56,3438.56,3360.739,3372.855
2022-03-08,3372.555,3383.633,3287.341,3293.53
2022-03-09,3303.706,3321.481,3147.677,3256.388
2022-03-10,3312.179,3326.583,3291.235,3296.092
2022-03-11,3259.323,3315.66,3217.419,3309.747
2022-03-14,3271.89,3297.797,3223.533,3223.533
2022-03-15,3192.364,3196.916,3063.965,3063.965
2022-03-16,3107.669,3177.788,3023.305,3170.71
2022-03-17,3215.011,3260.167,3202.934,3215.045
2022-03-18,3207.152,3260.783,3197.358,3251.072
2022-03-21,3255.615,3267.498,3223.389,3253.686
2022-03-22,3249.543,3279.113,3239.532,3259.862
2022-03-23,3264.792,3279.887,3251.982,3271.033
2022-03-24,3256.057,3266.887,3236.659,3250.264
2022-03-25,3247.157,3257.106,3211.645,3212.24
2022-03-28,3185.167,3230.215,3159.835,3214.503
2022-03-29,3216.012,3229.177,3196.455,3203.939
2022-03-30,3217.592,3266.596,3216.302,3266.596
2022-03-31,3256.137,3272.04,3246.063,3252.203
2022-04-01,3234.668,3287.229,3226.297,3282.717
2022-04-06,3269.427,3288.108,3255.689,3283.426
2022-04-07,3267.81,3290.256,3236.479,3236.695
2022-04-08,3239.877,3257.094,3208.352,3251.85
2022-04-11,3239.855,3239.855,3156.507,3167.126
2022-04-12,3165.12,3214.536,3140.9,3213.33
2022-04-13,3199.797,3225.467,3183.533,3186.824
2022-04-14,3203.634,3240.001,3200.235,3225.641
2022-04-15,3210.7,3229.866,3200.133,3211.245
2022-04-18,3185.943,3204.027,3166.978,3195.524
2022-04-19,3192.092,3207.828,3174.714,3194.029
2022-04-20,3189.891,3191.832,3142.049,3151.05
2022-04-21,3138.428,3160.899,3069.681,3079.808
2022-04-22,3058.404,3105.655,3049.356,3086.919
2022-04-25,3034.267,3043.816,2928.51,2928.512
2022-04-26,2930.453,2957.68,2878.256,2886.426
2022-04-27,2866.816,2959.178,2863.65,2958.282
2022-04-28,2945.811,2991.51,2936.794,2975.485
2022-04-29,2986.061,3048.494,2968.334,3047.062
2022-05-05,3044.849,3082.23,3042.116,3067.759
2022-05-06,3011.319,3030.693,2992.715,3001.561
2022-05-09,2990.199,3015.943,2983.612,3004.141
2022-05-10,2965.776,3043.779,2957.397,3035.844
2022-05-11,3035.389,3100.9,3034.675,3058.703
2022-05-12,3044.8,3072.157,3032.945,3054.994
2022-05-13,3068.033,3086.096,3059.253,3084.285
2022-05-16,3100.55,3102.577,3063.398,3073.749
2022-05-17,3076.498,3093.697,3057.641,3093.697
2022-05-18,3095.886,3105.842,3071.305,3085.977
2022-05-19,3046.71,3096.965,3042.674,3096.965
2022-05-20,3107.094,3146.567,3107.094,3146.567
2022-05-23,3150.49,3150.509,3127.899,3146.857
2022-05-24,3149.059,3153.13,3070.927,3070.927
2022-05-25,3070.17,3107.628,3069.946,3107.464
2022-05-26,3111.482,3133.277,3079.481,3123.108
2022-05-27,3135.032,3151.047,3112.544,3130.239
2022-05-30,3141.956,3150.892,3123.15,3149.061
2022-05-31,3149.944,3188.603,3142.004,3186.427
2022-06-01,3179.695,3190.609,3160.04,3182.157
2022-06-02,3170.306,3197.282,3163.756,3195.458
2022-06-06,3196.955,3237.071,3181.647,3236.372
2022-06-07,3235.416,3253.093,3222.635,3241.764
2022-06-08,3245.017,3266.63,3216.015,3263.793
2022-06-09,3259.49,3270.557,3223.475,3238.954
2022-06-10,3214.185,3286.62,3210.808,3284.834
2022-06-13,3256.275,3272.991,3229.309,3255.551
2022-06-14,3224.214,3289.134,3195.819,3288.907
2022-06-15,3289.104,3358.545,3288.851,3305.407
2022-06-16,3306.835,3319.689,3277.531,3285.385
2022-06-17,3265.512,3323.28,3262.894,3316.786
2022-06-20,3315.783,3333.903,3292.928,3315.43
2022-06-21,3313.787,3329.39,3279.827,3306.719
2022-06-22,3309.118,3311.021,3266.543,3267.202
2022-06-23,3269.055,3320.149,3262.294,3320.149
2022-06-24,3324.736,3356.715,3322.95,3349.747
2022-06-27,3364.003,3393.309,3364.003,3379.185
2022-06-28,3377.679,3412.102,3358.867,3409.21
2022-06-29,3399.678,3414.647,3358.468,3361.518
2022-06-30,3358.934,3417.009,3358.934,3398.616
2022-07-01,3400.262,3404.052,3378.362,3387.637
2022-07-04,3381.819,3405.619,3364.095,3405.427
2022-07-05,3411.13,3424.837,3372.062,3404.025
2022-07-06,3391.027,3391.027,3333.097,3355.35
2022-07-07,3353.128,3375.86,3332.309,3364.398
2022-07-08,3380.369,3386.315,3354.121,3356.078
2022-07-11,3341.102,3341.102,3297.005,3313.584
2022-07-12,3307.221,3319.251,3277.079,3281.467
2022-07-13,3279.603,3297.019,3266.481,3284.292
2022-07-14,3277.455,3299.251,3261.493,3281.744
2022-07-15,3261.383,3288.92,3228.061,3228.061
2022-07-18,3235.088,3278.472,3226.232,3278.103
2022-07-19,3278.722,3283.93,3256.015,3279.431
2022-07-20,3291.551,3308.347,3287.744,3304.724
2022-07-21,3297.661,3300.535,3272.001,3272.001
2022-07-22,3276.197,3293.644,3246.731,3269.974
2022-07-25,3269.707,3273.184,3243.031,3250.388
2022-07-26,3254.185,3282.413,3246.044,3277.436
2022-07-27,3271.783,3282.574,3265.727,3275.755
2022-07-28,3287.502,3305.706,3277.108,3282.576
2022-07-29,3282.811,3294.805,3246.368,3253.238
2022-08-01,3246.616,3264.304,3225.553,3259.959
2022-08-02,3231.262,3231.262,3155.187,3186.266
2022-08-03,3188.891,3217.55,3159.457,3163.674
2022-08-04,3179.428,3190.999,3155.704,3189.039
2022-08-05,3195.227,3228.886,3184.455,3227.027
2022-08-08,3218.851,3237.969,3214.083,3236.934
2022-08-09,3235.735,3248.772,3227.539,3247.432
2022-08-10,3242.362,3253.166,3217.807,3230.02
2022-08-11,3243.472,3281.665,3237.904,3281.665
2022-08-12,3275.77,3288.223,3272.841,3276.888
2022-08-15,3268.365,3286.891,3261.815,3276.087
2022-08-16,3278.676,3295.023,3271.57,3277.885
2022-08-17,3282.101,3295.998,3263.348,3292.526
2022-08-18,3286.367,3289.142,3270.558,3277.544
2022-08-19,3275.623,3286.491,3258.064,3258.078
2022-08-22,3249.705,3278.166,3247.187,3277.794
2022-08-23,3274.427,3284.596,3262.633,3276.223
2022-08-24,3279.172,3281.875,3212.386,3215.203
2022-08-25,3223.465,3248.351,3199.124,3246.248
2022-08-26,3250.628,3266.274,3232.277,3236.223
2022-08-29,3203.102,3240.728,3198.996,3240.728
2022-08-30,3240.184,3243.746,3212.635,3227.22
2022-08-31,3216.526,3232.016,3184.394,3202.138
2022-09-01,3196.537,3214.558,3181.626,3184.98
2022-09-02,3189.644,3198.281,3173.793,3186.478
2022-09-05,3183.946,3199.912,3172.039,3199.912
2022-09-06,3207.933,3244.635,3203.816,3243.447
2022-09-07,3232.137,3253.767,3227.823,3246.294
2022-09-08,3245.557,3253.701,3233.801,3235.586
2022-09-09,3241.181,3266.197,3236.508,3262.054
2022-09-13,3272.049,3278.166,3259.664,3263.797
2022-09-14,3224.678,3250.802,3221.961,3237.542
2022-09-15,3248.972,3254.179,3174.39,3199.919
2022-09-16,3189.827,3191.827,3126.397,3126.398
2022-09-19,3122.755,3135.557,3101.221,3115.602
2022-09-20,3127.836,3140.025,3114.037,3122.406
2022-09-21,3116.007,3129.825,3091.297,3117.177
2022-09-22,3098.768,3125.68,3092.819,3108.91
2022-09-23,3106.806,3124.658,3072.241,3088.37
2022-09-26,3067.569,3102.654,3048.514,3051.226
2022-09-27,3056.392,3094.039,3048.365,3093.862
2022-09-28,3089.098,3089.098,3044.864,3045.067
2022-09-29,3067.473,3076.762,3026.079,3041.205
2022-09-30,3042.166,3054.613,3021.931,3024.391
2022-10-10,3026.935,3029.448,2968.281,2974.145
2022-10-11,2978.062,2986.912,2953.495,2979.793
2022-10-12,2976.717,3025.506,2934.092,3025.506
2022-10-13,3008.302,3036.249,3004.496,3016.356
2022-10-14,3035.034,3084.272,3035.034,3071.987
2022-10-17,3060.518,3087.194,3052.715,3084.942
2022-10-18,3094.927,3099.918,3074.216,3080.957
2022-10-19,3073.262,3081.39,3044.378,3044.378
2022-10-20,3029.303,3070.265,3013.693,3035.05
2022-10-21,3038.036,3055.416,3026.96,3038.929
2022-10-24,3034.746,3064.421,2965.168,2977.555
2022-10-25,2969.156,3001.715,2944.261,2976.283
2022-10-26,2977.564,3028.348,2977.564,2999.504
2022-10-27,3005.037,3017.263,2981.689,2982.903
2022-10-28,2967.022,2974.236,2908.983,2915.926
2022-10-31,2893.196,2926.015,2885.089,2893.483
2022-11-01,2899.499,2969.2,2896.757,2969.2
2022-11-02,2960.647,3019.049,2954.948,3003.37
2022-11-03,2981.204,3003.721,2977.716,2997.806
2022-11-04,2996.997,3081.59,2996.997,3070.796
2022-11-07,3062.859,3088.193,3054.457,3077.817
2022-11-08,3077.306,3078.276,3047.462,3064.493
2022-11-09,3064.463,3073.918,3046.188,3048.168
2022-11-10,3031.692,3047.98,3022.851,3036.132
2022-11-11,3099.65,3117.742,3070.301,3087.293
2022-11-14,3100.867,3121.406,3075.215,3083.401
2022-11-15,3081.135,3135.59,3074.498,3134.078
2022-11-16,3133.65,3145.753,3115.345,3119.98
2022-11-17,3110.965,3115.435,3087.174,3115.435
2022-11-18,3116.729,3126.711,3096.886,3097.243
2022-11-21,3078.057,3085.243,3056.17,3085.044
2022-11-22,3084.233,3118.12,3076.321,3088.943
2022-11-23,3084.74,3108.244,3075.324,3096.907
2022-11-24,3104.096,3113.239,3084.855,3089.31
2022-11-25,3085.461,3111.421,3077.967,3101.693
2022-11-28,3055.29,3080.184,3034.705,3078.549
2022-11-29,3096.113,3152.003,3096.113,3149.748
2022-11-30,3141.399,3158.573,3137.369,3151.335
2022-12-01,3187.99,3198.409,3164.535,3165.471
2022-12-02,3160.579,3170.898,3149.841,3156.144
2022-12-05,3181.916,3213.44,3177.064,3211.814
2022-12-06,3200.275,3224.822,3195.079,3212.533
2022-12-07,3204.935,3226.082,3188.671,3199.619
2022-12-08,3196.016,3206.715,3187.257,3197.35
2022-12-09,3197.118,3212.106,3182.907,3206.95
2022-12-12,3195.868,3196.725,3176.575,3179.042
2022-12-13,3179.435,3187.204,3171.483,3176.326
2022-12-14,3178.554,3189.835,3168.593,3176.525
2022-12-15,3177.2,3179.1,3158.452,3168.648
2022-12-16,3156.135,3175.353,3151.609,3167.858
2022-12-19,3165.309,3170.255,3096.098,3107.115
2022-12-20,3098.953,3100.748,3061.51,3073.766
2022-12-21,3078.331,3085.795,3060.554,3068.411
2022-12-22,3085.8,3096.245,3044.599,3054.431
2022-12-23,3038.842,3061.867,3031.536,3045.866
2022-12-26,3048.196,3071.836,3047.349,3065.563
2022-12-27,3077.747,3098.078,3074.313,3095.568
2022-12-28,3088.617,3098.65,3079.434,3087.4
2022-12-29,3076.726,3086.005,3064.459,3073.702
2022-12-30,3084.523,3096.314,3082.196,3089.258
2023-01-03,3087.513,3119.856,3073.054,3116.512
2023-01-04,3117.571,3129.094,3109.451,3123.516
2023-01-05,3132.761,3159.427,3130.23,3155.216
2023-01-06,3155.075,3170.742,3151.841,3157.637
2023-01-09,3169.374,3183.583,3165.428,3176.085
2023-01-10,3178.022,3178.157,3165.145,3169.507
2023-01-11,3172.376,3184.757,3160.89,3161.838
2023-01-12,3167.273,3171.591,3153.404,3163.451
2023-01-13,3170.355,3195.307,3167.51,3195.306
2023-01-16,3198.519,3251.374,3197.319,3227.592
2023-01-17,3229.435,3231.265,3211.757,3224.245
2023-01-18,3227.595,3234.817,3220.37,3224.406
2023-01-19,3221.518,3240.279,3210.383,3240.279
2023-01-20,3247.203,3267.058,3247.203,3264.814
2023-01-30,3308.869,3310.49,3266.758,3269.318
2023-01-31,3266.144,3277.252,3252.015,3255.669
2023-02-01,3262.196,3284.922,3245.411,3284.921
2023-02-02,3291.783,3295.764,3272.414,3285.671
2023-02-03,3275.658,3275.658,3235.353,3263.406
2023-02-06,3244.701,3250.351,3226.211,3238.698
2023-02-07,3245.23,3250.033,3233.833,3248.094
2023-02-08,3251.501,3257.114,3230.439,3232.106
2023-02-09,3227.728,3270.383,3225.772,3270.383
2023-02-10,3266.437,3269.994,3247.23,3260.673
2023-02-13,3256.988,3285.091,3252.633,3284.16
2023-02-14,3288.974,3293.734,3279.189,3293.283
2023-02-15,3294.015,3296.2,3274.551,3280.492
2023-02-16,3281.735,3308.828,3231.342,3249.03
2023-02-17,3244.733,3262.473,3223.258,3224.024
2023-02-20,3230.473,3291.039,3225.843,3290.338
2023-02-21,3291.631,3308.791,3282.436,3306.524
2023-02-22,3292.049,3307.034,3286.721,3291.148
2023-02-23,3293.522,3307.439,3275.362,3287.477
2023-02-24,3287.255,3288.392,3253.975,3267.16
2023-02-27,3257.0,3276.579,3251.721,3258.034
2023-02-28,3265.742,3280.415,3246.145,3279.605
2023-03-01,3279.136,3315.16,3272.035,3312.348
2023-03-02,3308.011,3320.744,3306.455,3310.654
2023-03-03,3314.773,3330.605,3302.623,3328.393
2023-03-06,3332.024,3333.062,3308.726,3322.026
2023-03-07,3320.211,3342.859,3284.41,3285.099
2023-03-08,3271.88,3283.248,3263.693,3283.248
2023-03-09,3285.943,3289.06,3260.0,3276.094
2023-03-10,3255.512,3262.147,3229.496,3230.077
2023-03-13,3228.124,3268.696,3228.124,3268.696
2023-03-14,3261.922,3262.003,3216.993,3245.312
2023-03-15,3261.028,3273.123,3256.857,3263.315
2023-03-16,3244.47,3257.433,3224.722,3226.891
2023-03-17,3245.26,3279.923,3240.157,3250.546
2023-03-20,3253.93,3267.993,3231.646,3234.91
2023-03-21,3240.839,3256.0,3237.893,3255.651
2023-03-22,3263.413,3279.394,3255.739,3265.748
2023-03-23,3258.779,3286.649,3252.992,3286.649
2023-03-24,3282.739,3282.739,3260.844,3265.654
2023-03-27,3261.824,3261.824,3229.704,3251.397
2023-03-28,3256.602,3264.098,3241.737,3245.376
2023-03-29,3253.621,3254.556,3229.585,3240.057
2023-03-30,3243.068,3263.738,3220.985,3261.249
2023-03-31,3263.406,3278.423,3260.04,3272.86
2023-04-03,3277.34,3299.732,3276.416,3296.396
2023-04-04,3297.183,3312.562,3290.993,3312.558
2023-04-06,3302.751,3314.526,3296.055,3312.628
2023-04-07,3312.481,3328.846,3308.061,3327.646
2023-04-10,3331.505,3332.715,3309.917,3315.358
2023-04-11,3317.077,3317.448,3298.25,3313.571
2023-04-12,3316.862,3330.708,3315.399,3327.182
2023-04-13,3321.273,3334.47,3309.252,3318.364
2023-04-14,3326.37,3340.076,3316.81,3338.153
2023-04-17,3337.061,3385.61,3336.388,3385.61
2023-04-18,3379.227,3396.175,3375.78,3393.331
2023-04-19,3391.355,3394.959,3364.642,3370.128
2023-04-20,3367.053,3371.368,3344.016,3367.031
2023-04-21,3363.999,3367.609,3301.258,3301.258
2023-04-24,3300.813,3303.091,3264.935,3275.413
2023-04-25,3276.403,3288.569,3229.446,3264.872
2023-04-26,3255.217,3277.98,3239.989,3264.101
2023-04-27,3256.228,3299.301,3253.112,3285.884
2023-04-28,3283.122,3324.881,3283.122,3323.275
2023-05-04,3306.483,3352.746,3302.028,3350.459
2023-05-05,3350.654,3364.142,3321.187,3334.503
2023-05-08,3340.99,3400.177,3340.99,3395.004
2023-05-09,3402.394,3418.953,3356.118,3357.671
2023-05-10,3347.702,3349.721,3305.251,3319.151
2023-05-11,3323.658,3333.25,3307.289,3309.551
2023-05-12,3304.458,3319.131,3271.431,3272.362
2023-05-15,3269.878,3310.737,3235.868,3310.737
2023-05-16,3310.161,3317.901,3282.492,3290.987
2023-05-17,3281.966,3298.519,3269.894,3284.232
2023-05-18,3288.411,3313.862,3284.168,3297.32
2023-05-19,3288.891,3302.342,3268.224,3283.542
2023-05-22,3278.596,3308.533,3276.54,3296.47
2023-05-23,3294.788,3298.226,3246.238,3246.238
2023-05-24,3237.705,3237.705,3204.381,3204.749
2023-05-25,3197.364,3207.021,3168.572,3201.261
2023-05-26,3198.883,3220.774,3179.822,3212.504
2023-05-29,3219.755,3230.971,3208.955,3221.448
2023-05-30,3214.673,3230.632,3186.626,3224.213
2023-05-31,3214.655,3216.36,3190.274,3204.564
2023-06-01,3196.155,3225.093,3189.517,3204.635
2023-06-02,3212.449,3233.992,3211.737,3230.069
2023-06-05,3231.811,3244.18,3221.625,3232.441
2023-06-06,3228.407,3247.349,3189.269,3195.34
2023-06-07,3197.468,3210.33,3188.005,3197.759
2023-06-08,3194.835,3225.526,3180.535,3213.586
2023-06-09,3213.033,3231.406,3206.103,3231.406
2023-06-12,3225.305,3239.437,3210.714,3228.834
2023-06-13,3223.896,3235.085,3215.499,3233.673
2023-06-14,3238.119,3248.461,3226.774,3228.989
2023-06-15,3230.451,3252.975,3229.145,3252.975
2023-06-16,3256.299,3276.552,3255.499,3273.334
2023-06-19,3271.164,3271.164,3251.779,3255.806
2023-06-20,3252.544,3252.844,3237.786,3240.365
2023-06-21,3230.114,3236.363,3197.901,3197.901
2023-06-26,3177.229,3181.076,3144.248,3150.619
2023-06-27,3153.313,3194.409,3148.266,3189.443
2023-06-28,3183.487,3192.659,3157.123,3189.376
2023-06-29,3185.424,3196.503,3179.525,3182.381
2023-06-30,3178.924,3212.993,3177.991,3202.062
2023-07-03,3209.162,3246.861,3209.162,3243.975
2023-07-04,3241.231,3246.958,3233.99,3245.349
2023-07-05,3240.049,3241.835,3218.602,3222.947
2023-07-06,3215.863,3229.48,3199.716,3205.575
2023-07-07,3197.472,3212.047,3189.211,3196.609
2023-07-10,3208.735,3216.535,3192.658,3203.696
2023-07-11,3211.122,3221.68,3200.385,3221.367
2023-07-12,3220.376,3224.331,3193.437,3196.134
2023-07-13,3202.699,3238.468,3202.699,3236.48
2023-07-14,3240.97,3248.385,3233.999,3237.701
2023-07-17,3219.016,3219.016,3195.886,3209.63
2023-07-18,3206.786,3210.248,3190.005,3197.82
2023-07-19,3195.009,3204.361,3181.561,3198.836
2023-07-20,3201.911,3209.055,3165.674,3169.522
2023-07-21,3163.421,3185.636,3157.334,3167.745
2023-07-24,3157.469,3178.734,3151.125,3164.161
2023-07-25,3201.458,3231.749,3201.458,3231.521
2023-07-26,3228.087,3229.892,3212.88,3223.028
2023-07-27,3225.476,3245.603,3210.47,3216.671
2023-07-28,3206.741,3280.278,3200.994,3275.926
2023-07-31,3287.209,3322.129,3281.013,3291.04
2023-08-01,3288.76,3305.34,3279.566,3290.949
2023-08-02,3281.858,3290.82,3252.304,3261.69
2023-08-03,3254.565,3280.864,3247.272,3280.463
2023-08-04,3296.094,3315.049,3281.734,3288.084
2023-08-07,3276.776,3276.776,3258.537,3268.831
2023-08-08,3260.722,3274.519,3246.675,3260.62
2023-08-09,3251.152,3257.082,3240.289,3244.487
2023-08-10,3242.206,3257.03,3234.116,3254.56
2023-08-11,3254.475,3254.475,3189.248,3189.248
2023-08-14,3159.714,3180.507,3141.655,3178.427
2023-08-15,3180.558,3186.234,3147.346,3176.176
2023-08-16,3164.702,3176.626,3149.723,3150.128
2023-08-17,3137.351,3167.446,3123.25,3163.739
2023-08-18,3165.1,3179.116,3131.953,3131.953
2023-08-21,3125.99,3134.957,3092.978,3092.978
2023-08-22,3103.781,3126.784,3074.531,3120.334
2023-08-23,3116.266,3116.377,3077.606,3078.402
2023-08-24,3085.911,3106.182,3072.951,3082.244
2023-08-25,3068.615,3085.047,3053.037,3064.075
2023-08-28,3219.043,3219.043,3089.119,3098.636
2023-08-29,3091.938,3145.761,3090.438,3135.887
2023-08-30,3144.407,3153.689,3126.902,3137.138
2023-08-31,3134.553,3139.98,3113.946,3119.876
2023-09-01,3126.023,3143.846,3123.19,3133.247
2023-09-04,3145.944,3177.06,3143.379,3177.06
2023-09-05,3169.738,3169.738,3150.075,3154.369
2023-09-06,3147.136,3162.155,3136.9,3158.077
2023-09-07,3152.203,3152.266,3120.823,3122.352
2023-09-08,3114.23,3126.041,3104.674,3116.719
2023-09-11,3119.61,3155.103,3113.816,3142.779
2023-09-12,3140.341,3147.514,3134.318,3137.059
2023-09-13,3137.772,3143.758,3106.969,3123.067
2023-09-14,3124.848,3135.025,3111.859,3126.551
2023-09-15,3133.588,3141.964,3107.448,3117.743
2023-09-18,3110.44,3128.701,3098.496,3125.932
2023-09-19,3123.986,3131.13,3113.525,3124.957
2023-09-20,3118.667,3122.128,3108.158,3108.568
2023-09-21,3103.175,3113.494,3084.701,3084.701
2023-09-22,3084.757,3132.558,3078.801,3132.432
2023-09-25,3131.208,3131.208,3112.151,3115.607
2023-09-26,3114.021,3120.289,3102.273,3102.273
2023-09-27,3104.04,3125.447,3103.844,3107.316
2023-09-28,3117.755,3121.835,3105.94,3110.475
2023-10-09,3100.0,3103.36,3072.642,3096.922
2023-10-10,3104.365,3109.982,3073.186,3075.236
2023-10-11,3085.699,3095.659,3071.936,3078.956
2023-10-12,3101.705,3109.99,3092.177,3107.901
2023-10-13,3091.997,3094.915,3080.548,3088.099
2023-10-16,3091.065,3091.126,3063.686,3073.813
2023-10-17,3076.428,3084.073,3064.89,3083.496
2023-10-18,3076.58,3076.58,3057.059,3058.71
2023-10-19,3043.196,3043.196,3004.775,3005.393
2023-10-20,2995.358,3006.275,2977.173,2983.059
2023-10-23,2969.786,2973.661,2923.511,2939.291
2023-10-24,2944.311,2964.761,2929.088,2962.244
2023-10-25,2986.407,2993.295,2972.418,2974.114
2023-10-26,2960.104,2990.328,2956.006,2988.299
2023-10-27,2978.403,3029.21,2974.88,3017.784
2023-10-30,3009.61,3028.264,3002.348,3021.553
2023-10-31,3019.646,3023.001,3006.609,3018.771
2023-11-01,3038.182,3038.33,3013.933,3023.077
2023-11-02,3028.665,3038.642,3009.121,3009.406
2023-11-03,3012.465,3040.981,3012.465,3030.798
2023-11-06,3047.13,3058.989,3037.694,3058.411
2023-11-07,3052.92,3064.577,3042.469,3057.27
2023-11-08,3051.153,3062.991,3037.289,3052.373
2023-11-09,3047.653,3063.467,3045.834,3053.279
2023-11-10,3043.559,3044.001,3027.088,3038.97
2023-11-13,3044.032,3048.621,3028.168,3046.533
2023-11-14,3046.817,3059.529,3044.426,3056.07
2023-11-15,3077.029,3080.128,3064.346,3072.835
2023-11-16,3066.855,3071.452,3050.926,3050.926
2023-11-17,3043.617,3055.856,3033.747,3054.366
2023-11-20,3056.927,3072.513,3043.515,3068.319
2023-11-21,3074.828,3089.774,3063.345,3067.933
2023-11-22,3060.498,3067.963,3043.611,3043.611
2023-11-23,3041.678,3062.867,3034.297,3061.856
2023-11-24,3060.331,3060.331,3037.201,3040.972
2023-11-27,3038.186,3038.358,3015.008,3031.7
2023-11-28,3028.598,3039.695,3020.231,3038.555
2023-11-29,3038.464,3038.977,3017.661,3021.687
2023-11-30,3021.103,3030.909,3013.768,3029.673
2023-12-01,3027.353,3035.76,3010.233,3031.636
2023-12-04,3033.298,3038.979,3022.348,3022.914
2023-12-05,3017.01,3017.01,2972.296,2972.296
2023-12-06,2966.948,2985.314,2959.603,2968.933
2023-12-07,2965.652,2976.015,2949.144,2966.206
2023-12-08,2965.39,2980.834,2962.327,2969.559
2023-12-11,2956.291,2995.67,2930.422,2991.439
2023-12-12,2986.328,3003.746,2980.446,3003.438
2023-12-13,2997.336,2997.336,2968.761,2968.761
2023-12-14,2979.699,2986.177,2958.066,2958.986
2023-12-15,2966.302,2976.309,2940.027,2942.557
2023-12-18,2936.575,2951.148,2924.325,2930.804
2023-12-19,2928.763,2940.501,2914.125,2932.391
2023-12-20,2932.119,2937.101,2902.04,2902.11
2023-12-21,2892.02,2924.256,2882.02,2918.715
2023-12-22,2919.288,2935.7,2906.509,2914.775
2023-12-25,2909.875,2920.632,2903.987,2918.813
2023-12-26,2917.971,2917.971,2892.837,2898.879
2023-12-27,2900.149,2917.956,2890.165,2914.614
2023-12-28,2913.11,2961.648,2909.389,2954.704
2023-12-29,2950.837,2975.032,2950.017,2974.935
2024-01-02,2972.775,2976.268,2962.276,2962.276
2024-01-03,2957.112,2971.283,2953.29,2967.247
2024-01-04,2965.509,2966.683,2936.635,2954.349
2024-01-05,2949.822,2967.968,2916.721,2929.183
2024-01-08,2923.457,2924.456,2887.538,2887.538
2024-01-09,2887.11,2900.727,2878.412,2893.251
2024-01-10,2886.981,2903.162,2870.416,2877.702
2024-01-11,2873.798,2896.179,2867.722,2886.65
2024-01-12,2880.04,2904.174,2878.875,2881.977
2024-01-15,2872.556,2904.464,2869.224,2886.291
2024-01-16,2881.56,2896.683,2861.13,2893.989
2024-01-17,2887.292,2887.489,2833.615,2833.615
2024-01-18,2822.667,2849.256,2760.978,2845.784
2024-01-19,2836.975,2849.876,2822.843,2832.279
2024-01-22,2826.503,2828.32,2735.372,2756.34
2024-01-23,2746.892,2784.841,2724.157,2770.976
2024-01-24,2782.142,2823.695,2743.397,2820.772
2024-01-25,2823.826,2906.794,2821.709,2906.109
2024-01-26,2897.915,2924.307,2890.482,2910.223
2024-01-29,2910.607,2923.899,2883.333,2883.356
2024-01-30,2866.28,2881.347,2829.25,2830.527
2024-01-31,2815.504,2834.011,2782.587,2788.548
2024-02-01,2773.424,2805.015,2752.782,2770.74
2024-02-02,2773.295,2791.676,2666.334,2730.152
2024-02-05,2716.081,2739.738,2635.09,2702.185
2024-02-06,2680.485,2802.931,2669.673,2789.486
2024-02-07,2791.515,2829.696,2770.529,2829.696
2024-02-08,2832.486,2867.474,2827.902,2865.903
2024-02-19,2886.587,2910.544,2867.71,2910.544
2024-02-20,2902.877,2927.308,2887.474,2922.73
2024-02-21,2906.024,2994.615,2898.05,2950.956
2024-02-22,2945.447,2988.358,2944.499,2988.358
2024-02-23,2992.912,3009.136,2979.973,3004.881
2024-02-26,3002.118,3009.479,2967.057,2977.022
2024-02-27,2966.417,3015.481,2961.148,3015.481
2024-02-28,3016.256,3031.488,2957.852,2957.852
2024-02-29,2943.624,3015.171,2943.624,3015.171
2024-03-01,3013.823,3032.232,3003.763,3027.02
2024-03-04,3026.607,3040.345,3007.683,3039.306
2024-03-05,3027.103,3052.541,3022.178,3047.793
2024-03-06,3041.752,3060.563,3034.354,3039.931
2024-03-07,3040.211,3063.692,3023.118,3027.401
2024-03-08,3026.165,3049.194,3016.903,3046.019
2024-03-11,3042.619,3068.455,3035.445,3068.455
2024-03-12,3068.182,3075.131,3044.857,3055.935
2024-03-13,3053.341,3061.951,3031.899,3043.835
2024-03-14,3042.413,3059.998,3020.637,3038.234
2024-03-15,3031.523,3056.447,3023.215,3054.636
2024-03-18,3057.209,3085.312,3055.922,3084.926
2024-03-19,3077.981,3090.046,3062.628,3062.756
2024-03-20,3058.648,3081.755,3056.645,3079.686
2024-03-21,3084.412,3090.051,3069.272,3077.113
2024-03-22,3070.548,3073.206,3027.762,3048.034
2024-03-25,3040.501,3065.261,3026.306,3026.306
2024-03-26,3026.922,3036.494,3006.26,3031.481
2024-03-27,3026.814,3030.45,2993.139,2993.139
2024-03-28,2988.59,3033.367,2984.12,3010.664
2024-03-29,3008.376,3041.298,3008.167,3041.167
2024-04-01,3049.021,3078.488,3049.021,3077.379
2024-04-02,3076.875,3085.537,3063.981,3074.959
2024-04-03,3074.893,3079.02,3057.397,3069.296
2024-04-08,3057.326,3077.351,3045.469,3047.053
2024-04-09,3044.614,3051.585,3033.209,3048.537
2024-04-10,3045.961,3049.607,3013.59,3027.335
2024-04-11,3013.573,3050.337,3009.897,3034.246
2024-04-12,3035.577,3043.56,3014.83,3019.474
2024-04-15,3013.672,3066.941,2995.542,3057.378
2024-04-16,3043.551,3052.435,3005.34,3007.068
2024-04-17,3008.061,3071.381,3002.056,3071.381
2024-04-18,3060.031,3102.553,3057.761,3074.225
2024-04-19,3060.299,3080.323,3055.058,3065.261
2024-04-22,3059.065,3078.423,3042.542,3044.595
2024-04-23,3038.612,3044.944,3016.517,3021.978
2024-04-24,3029.403,3045.64,3019.124,3044.822
2024-04-25,3037.927,3060.264,3034.65,3052.9
2024-04-26,3054.979,3092.43,3054.979,3088.636
2024-04-29,3086.682,3119.686,3080.586,3113.043
2024-04-30,3110.159,3123.288,3104.294,3104.825
2024-05-06,3132.512,3142.382,3126.769,3140.72
2024-05-07,3139.664,3151.219,3133.69,3147.738
2024-05-08,3141.487,3144.986,3126.173,3128.48
2024-05-09,3128.164,3158.465,3128.164,3154.32
2024-05-10,3158.589,3163.144,3137.152,3154.547
2024-05-13,3139.475,3157.366,3126.17,3148.021
2024-05-14,3148.849,3155.807,3137.609,3145.774
2024-05-15,3141.252,3142.973,3117.929,3119.902
2024-05-16,3127.184,3137.878,3116.163,3122.401
2024-05-17,3121.713,3154.026,3116.784,3154.026
2024-05-20,3156.148,3174.266,3155.99,3171.145
2024-05-21,3164.683,3165.224,3148.342,3157.966
2024-05-22,3157.189,3166.919,3152.457,3158.54
2024-05-23,3149.875,3150.628,3110.277,3116.387
2024-05-24,3110.753,3130.425,3087.794,3088.871
2024-05-27,3094.14,3125.506,3091.989,3124.043
2024-05-28,3122.388,3130.31,3106.365,3109.572
2024-05-29,3108.027,3128.137,3100.98,3111.018
2024-05-30,3103.708,3121.218,3085.384,3091.678
2024-05-31,3094.759,3107.604,3086.813,3086.813
2024-06-03,3085.981,3097.204,3061.277,3078.489
2024-06-04,3071.32,3095.322,3063.588,3091.199
2024-06-05,3086.051,3092.346,3064.736,3065.403
2024-06-06,3069.439,3077.673,3040.83,3048.794
2024-06-07,3053.915,3065.025,3031.044,3051.279
2024-06-11,3042.134,3043.2,3013.861,3028.045
2024-06-12,3025.296,3042.042,3021.309,3037.468
2024-06-13,3038.086,3040.402,3022.822,3028.919
2024-06-14,3020.959,3037.905,3011.577,3032.633
2024-06-17,3017.717,3026.624,3012.045,3015.891
2024-06-18,3015.071,3031.976,3012.523,3030.246
2024-06-19,3029.099,3030.226,3015.326,3018.049
2024-06-20,3015.722,3028.514,3001.768,3005.437
2024-06-21,2998.241,3011.914,2985.929,2998.138
2024-06-24,2982.826,2990.643,2960.127,2963.099
2024-06-25,2962.765,2971.653,2935.538,2949.996
2024-06-26,2943.447,2976.669,2933.33,2972.525
2024-06-27,2962.696,2963.064,2944.898,2945.852
2024-06-28,2940.303,2985.468,2939.984,2967.403
2024-07-01,2965.245,2996.409,2961.856,2994.73
2024-07-02,2992.856,3004.987,2989.47,2997.011
2024-07-03,2995.664,2998.537,2978.069,2982.376
2024-07-04,2984.83,2995.57,2955.29,2957.567
2024-07-05,2954.372,2957.107,2920.205,2949.933
2024-07-08,2939.837,2947.61,2917.232,2922.45
2024-07-09,2919.573,2963.782,2904.039,2959.372
2024-07-10,2949.026,2958.859,2935.33,2939.364
2024-07-11,2957.25,2971.361,2947.403,2970.387
2024-07-12,2965.612,2977.142,2963.303,2971.295
2024-07-15,2963.847,2977.313,2959.129,2974.011
2024-07-16,2963.9,2977.361,2959.666,2976.304
2024-07-17,2970.808,2972.795,2957.948,2962.855
2024-07-18,2951.143,2978.092,2937.905,2977.133
2024-07-19,2963.514,2986.243,2955.12,2982.309
2024-07-22,2978.193,2978.601,2946.561,2964.216
2024-07-23,2960.5,2960.5,2915.368,2915.369
2024-07-24,2909.152,2922.03,2894.289,2901.952
2024-07-25,2891.892,2897.767,2872.85,2886.742
2024-07-26,2885.995,2899.116,2875.396,2890.897
2024-07-29,2889.473,2898.951,2878.583,2891.845
2024-07-30,2885.215,2885.215,2865.149,2879.3
2024-07-31,2877.541,2940.593,2876.301,2938.749
2024-08-01,2940.12,2947.877,2928.826,2932.387
2024-08-02,2913.02,2931.259,2902.72,2905.338
2024-08-05,2889.363,2919.025,2860.698,2860.698
2024-08-06,2878.651,2888.201,2845.335,2867.284
2024-08-07,2864.01,2886.942,2857.725,2869.834
2024-08-08,2864.758,2886.399,2850.875,2869.901
2024-08-09,2879.873,2887.849,2862.194,2862.194
2024-08-12,2858.895,2869.269,2851.295,2858.205
2024-08-13,2860.41,2867.946,2845.31,2867.946
2024-08-14,2866.243,2866.243,2850.401,2850.654
2024-08-15,2844.201,2889.087,2839.388,2877.358
2024-08-16,2877.94,2888.675,2873.06,2879.43
2024-08-19,2877.954,2905.155,2877.771,2893.674
2024-08-20,2895.551,2896.519,2855.329,2866.661
2024-08-21,2858.939,2863.891,2848.151,2856.584
2024-08-22,2856.2,2861.607,2845.502,2848.772
2024-08-23,2844.77,2860.733,2839.337,2854.368
2024-08-26,2855.474,2860.655,2844.383,2855.52
2024-08-27,2850.877,2853.78,2843.158,2848.731
2024-08-28,2844.327,2852.562,2830.962,2837.429
2024-08-29,2829.451,2831.431,2815.383,2823.106
2024-08-30,2819.65,2867.965,2817.014,2842.214
2024-09-02,2832.35,2839.278,2810.374,2811.035
2024-09-03,2809.173,2814.903,2794.911,2802.979
2024-09-04,2786.505,2800.607,2781.935,2784.278
2024-09-05,2785.264,2796.019,2777.471,2788.314
2024-09-06,2791.765,2804.093,2765.639,2765.807
2024-09-09,2754.724,2756.556,2726.967,2736.488
2024-09-10,2737.881,2750.118,2718.627,2744.192
2024-09-11,2732.731,2732.731,2710.621,2721.795
2024-09-12,2722.138,2734.683,2716.555,2717.123
2024-09-13,2718.986,2728.78,2703.369,2704.09
2024-09-18,2705.345,2724.114,2689.695,2717.281
2024-09-19,2723.205,2747.74,2697.776,2736.022
2024-09-20,2734.228,2741.155,2717.945,2736.814
2024-09-23,2735.39,2760.48,2731.357,2748.918
2024-09-24,2770.754,2863.152,2761.372,2863.126
2024-09-25,2901.419,2952.451,2889.048,2896.306
2024-09-26,2893.745,3000.953,2889.014,3000.953
2024-09-27,3049.103,3087.529,3017.445,3087.529
2024-09-30,3194.722,3358.588,3153.697,3336.497
2024-10-08,3674.405,3674.405,3372.187,3489.775
2024-10-09,3427.22,3437.157,3249.159,3258.858
2024-10-10,3277.692,3379.805,3228.125,3301.926
2024-10-11,3287.873,3297.752,3187.988,3217.738
2024-10-14,3241.428,3294.62,3203.901,3284.323
2024-10-15,3265.746,3285.215,3201.292,3201.292
2024-10-16,3169.169,3236.848,3167.736,3202.948
2024-10-17,3220.733,3241.568,3169.384,3169.384
2024-10-18,3165.975,3313.978,3152.821,3261.563
2024-10-21,3276.06,3300.664,3239.097,3268.11
2024-10-22,3263.822,3294.961,3255.138,3285.867
2024-10-23,3285.247,3331.082,3277.066,3302.803
2024-10-24,3287.824,3292.945,3266.882,3280.263
2024-10-25,3280.762,3319.357,3276.13,3299.7
2024-10-28,3300.463,3322.198,3279.715,3322.198
2024-10-29,3328.089,3340.458,3284.211,3286.407
2024-10-30,3273.642,3291.68,3244.806,3266.238
2024-10-31,3267.975,3295.742,3252.39,3279.824
2024-11-01,3275.577,3305.318,3258.735,3272.014
2024-11-04,3275.679,3310.207,3263.842,3310.207
2024-11-05,3306.81,3386.987,3302.047,3386.987
2024-11-06,3395.222,3420.999,3367.081,3383.806
2024-11-07,3359.985,3470.661,3356.258,3470.661
2024-11-08,3502.133,3509.818,3443.193,3452.297
2024-11-11,3432.367,3471.122,3416.727,3470.066
2024-11-12,3469.891,3489.424,3402.042,3421.97
2024-11-13,3406.916,3442.298,3404.525,3439.278
2024-11-14,3429.505,3441.775,3376.153,3379.839
2024-11-15,3369.809,3391.32,3330.726,3330.726
2024-11-18,3344.69,3386.903,3309.008,3323.849
2024-11-19,3324.883,3346.758,3284.133,3346.01
2024-11-20,3337.678,3375.248,3333.002,3367.989
2024-11-21,3362.944,3378.518,3348.855,3370.404
2024-11-22,3368.043,3372.003,3267.192,3267.192
2024-11-25,3274.884,3285.456,3232.918,3263.76
2024-11-26,3256.858,3285.328,3252.866,3259.757
2024-11-27,3250.591,3309.881,3227.355,3309.779
2024-11-28,3308.28,3319.256,3290.364,3295.698
2024-11-29,3295.21,3357.501,3293.69,3326.456
2024-12-02,3328.482,3369.303,3323.009,3363.982
2024-12-03,3366.285,3386.618,3348.374,3378.806
2024-12-04,3376.572,3388.024,3352.943,3364.65
2024-12-05,3353.057,3377.055,3353.057,3368.855
2024-12-06,3370.941,3418.261,3364.206,3404.076
2024-12-09,3402.629,3426.645,3385.959,3402.534
2024-12-10,3490.289,3494.867,3417.765,3422.661
2024-12-11,3416.087,3437.81,3416.087,3432.49
2024-12-12,3432.279,3464.116,3425.976,3461.5
2024-12-13,3442.926,3442.926,3390.754,3391.878
2024-12-16,3390.083,3401.926,3376.536,3386.331
2024-12-17,3381.814,3396.207,3357.769,3361.485
2024-12-18,3371.296,3396.46,3371.296,3382.208
2024-12-19,3355.904,3377.532,3346.469,3370.033
2024-12-20,3364.481,3390.618,3362.819,3368.069
2024-12-23,3367.904,3384.992,3348.277,3351.257
2024-12-24,3353.535,3394.904,3352.947,3393.528
2024-12-25,3395.107,3406.213,3374.011,3393.35
2024-12-26,3389.338,3401.095,3380.255,3398.077
2024-12-27,3397.294,3418.952,3388.322,3400.142
2024-12-30,3395.396,3412.841,3394.965,3407.326
2024-12-31,3406.965,3413.455,3351.763,3351.763
2025-01-02,3347.939,3351.722,3242.087,3262.561
2025-01-03,3267.077,3273.566,3205.776,3211.43
2025-01-06,3209.783,3219.488,3185.463,3206.923
2025-01-07,3203.307,3230.853,3190.461,3229.644
2025-01-08,3218.858,3246.291,3175.725,3230.168
2025-01-09,3220.721,3228.973,3205.91,3211.393
2025-01-10,3211.707,3220.107,3168.524,3168.524
2025-01-13,3148.826,3172.7,3140.978,3160.755
2025-01-14,3165.161,3245.22,3159.432,3240.94
2025-01-15,3234.715,3245.904,3222.236,3227.117
2025-01-16,3239.026,3265.282,3217.097,3236.032
2025-01-17,3226.762,3256.507,3219.773,3241.821
2025-01-20,3256.149,3268.263,3238.121,3244.378
2025-01-21,3256.833,3258.61,3229.069,3242.623
2025-01-22,3235.493,3235.501,3203.38,3213.624
2025-01-23,3237.599,3273.52,3229.572,3230.164
2025-01-24,3222.877,3260.011,3221.712,3252.626
2025-01-27,3256.614,3274.392,3250.601,3250.601
2025-02-05,3270.16,3271.022,3220.279,3229.488
2025-02-06,3226.575,3271.427,3225.846,3270.659
2025-02-07,3269.227,3324.428,3262.509,3303.667
2025-02-10,3308.04,3325.356,3299.243,3322.17
2025-02-11,3323.669,3324.173,3304.444,3318.057
2025-02-12,3312.257,3346.385,3310.39,3346.385
2025-02-13,3343.235,3359.181,3332.483,3332.483
2025-02-14,3328.483,3349.084,3322.529,3346.724
2025-02-17,3355.417,3357.121,3333.195,3355.83
2025-02-18,3348.983,3366.012,3314.301,3324.491
2025-02-19,3320.78,3352.087,3320.581,3351.539
2025-02-20,3347.589,3355.557,3338.034,3350.783
2025-02-21,3356.695,3381.058,3339.026,3379.113
2025-02-24,3374.081,3384.811,3355.869,3373.028
2025-02-25,3345.653,3369.558,3337.845,3346.04
2025-02-26,3351.209,3380.214,3351.209,3380.214
2025-02-27,3378.449,3388.781,3353.571,3388.062
2025-02-28,3374.664,3383.191,3318.716,3320.897
2025-03-03,3328.396,3349.017,3304.593,3316.925
2025-03-04,3300.498,3327.824,3297.53,3324.21
2025-03-05,3324.696,3342.714,3314.148,3341.965
2025-03-06,3353.57,3387.054,3348.684,3381.098
2025-03-07,3373.181,3390.944,3363.929,3372.546
2025-03-10,3373.259,3375.798,3347.186,3366.163
2025-03-11,3335.439,3379.829,3334.831,3379.828
2025-03-12,3385.685,3392.409,3370.22,3371.924
2025-03-13,3371.095,3377.118,3341.118,3358.729
2025-03-14,3361.686,3421.233,3360.606,3419.562
2025-03-17,3430.809,3436.352,3422.462,3426.129
2025-03-18,3434.565,3437.065,3423.301,3429.759
2025-03-19,3424.173,3439.046,3414.593,3426.429
2025-03-20,3425.216,3427.045,3404.662,3408.948
2025-03-21,3401.759,3414.709,3355.84,3364.831
2025-03-24,3364.834,3373.694,3340.238,3370.028
2025-03-25,3370.001,3379.988,3361.046,3369.976
2025-03-26,3365.666,3382.342,3365.666,3368.697
2025-03-27,3362.712,3394.035,3351.174,3373.749
2025-03-28,3372.039,3375.053,3346.081,3351.307
2025-03-31,3343.344,3361.742,3317.738,3335.746
2025-04-01,3340.712,3357.622,3338.779,3348.435
2025-04-02,3344.171,3361.134,3343.116,3350.127
2025-04-03,3319.606,3358.426,3319.606,3342.008
2025-04-07,3193.102,3217.782,3040.693,3096.576
2025-04-08,3094.262,3145.549,3085.123,3145.549
2025-04-09,3110.01,3186.81,3070.078,3186.81
2025-04-10,3227.836,3239.941,3201.571,3223.638
2025-04-11,3219.505,3249.854,3211.35,3238.227
2025-04-14,3251.978,3272.72,3244.733,3262.808
2025-04-15,3260.685,3268.985,3246.337,3267.662
2025-04-16,3267.665,3276.005,3233.791,3276.004
2025-04-17,3261.718,3285.915,3258.145,3280.341
2025-04-18,3270.353,3283.09,3262.392,3276.73
2025-04-21,3273.138,3298.64,3270.013,3291.434
2025-04-22,3289.166,3311.153,3288.332,3299.757
2025-04-23,3308.151,3312.192,3293.063,3296.355
2025-04-24,3295.149,3313.509,3286.236,3297.288
2025-04-25,3300.392,3305.262,3288.755,3295.06
2025-04-28,3292.056,3296.932,3279.877,3288.415
2025-04-29,3281.445,3294.982,3277.627,3286.655
2025-04-30,3284.081,3292.2,3277.55,3279.031
2025-05-06,3295.25,3316.448,3286.989,3316.114
2025-05-07,3354.974,3356.688,3324.809,3342.665
2025-05-08,3331.205,3359.731,3327.902,3351.996
2025-05-09,3350.405,3351.22,3335.127,3341.999
2025-05-12,3352.97,3372.472,3344.269,3369.245
2025-05-13,3386.234,3386.234,3370.252,3374.871
2025-05-14,3374.235,3417.314,3368.078,3403.948
2025-05-15,3398.427,3402.866,3378.021,3380.821
2025-05-16,3374.706,3380.29,3356.661,3367.462
2025-05-19,3365.882,3373.599,3356.648,3367.583
2025-05-20,3371.689,3387.804,3369.963,3380.478
2025-05-21,3380.209,3394.754,3380.209,3387.574
2025-05-22,3381.865,3390.593,3376.233,3380.189
2025-05-23,3376.869,3389.469,3348.372,3348.372
2025-05-26,3346.561,3362.307,3336.355,3346.839
2025-05-27,3346.503,3351.572,3332.49,3340.687
2025-05-28,3341.852,3348.234,3336.727,3339.932
2025-05-29,3340.401,3368.633,3337.415,3363.446
2025-05-30,3358.809,3361.275,3341.648,3347.487
2025-06-03,3340.067,3366.997,3340.067,3361.976
2025-06-04,3363.391,3379.64,3363.391,3376.203
2025-06-05,3378.217,3387.765,3371.146,3384.099
2025-06-06,3384.295,3391.451,3379.764,3385.358
2025-06-09,3388.778,3402.05,3383.074,3399.772
2025-06-10,3402.013,3406.452,3365.667,3384.816
2025-06-11,3385.457,3413.513,3385.457,3402.316
2025-06-12,3397.972,3408.205,3388.866,3402.658
2025-06-13,3397.484,3401.553,3370.592,3376.996
2025-06-16,3369.366,3389.756,3368.876,3388.729
2025-06-17,3388.18,3393.313,3376.42,3387.405
2025-06-18,3386.136,3391.709,3369.986,3388.809
2025-06-19,3384.293,3386.919,3353.936,3362.108
2025-06-20,3358.913,3370.798,3357.706,3359.895
2025-06-23,3349.46,3389.452,3347.651,3381.582
2025-06-24,3380.08,3423.784,3380.08,3420.566
2025-06-25,3419.091,3459.009,3417.411,3455.974
2025-06-26,3451.719,3462.752,3446.186,3448.453
2025-06-27,3450.686,3462.627,3421.04,3424.227
2025-06-30,3423.474,3447.46,3420.112,3444.426
2025-07-01,3445.846,3459.587,3441.038,3457.747
2025-07-02,3458.171,3461.328,3447.956,3454.792
2025-07-03,3456.152,3463.62,3446.974,3461.151
2025-07-04,3459.592,3497.225,3455.494,3472.319
2025-07-07,3467.985,3474.801,3462.792,3473.127
2025-07-08,3474.632,3499.886,3474.632,3497.475
2025-07-09,3498.724,3512.669,3491.201,3493.05
2025-07-10,3491.497,3526.59,3491.497,3509.682
2025-07-11,3511.366,3555.218,3506.799,3510.177
2025-07-14,3513.252,3532.118,3513.252,3519.65
2025-07-15,3519.805,3527.038,3483.38,3504.999
2025-07-16,3502.899,3511.806,3489.137,3503.777
2025-07-17,3500.372,3517.285,3499.186,3516.826
2025-07-18,3519.475,3536.014,3518.231,3534.483
2025-07-21,3542.816,3560.629,3542.568,3559.791
2025-07-22,3561.632,3584.719,3547.252,3581.861
2025-07-23,3588.878,3613.022,3577.594,3582.298
2025-07-24,3578.912,3608.728,3577.113,3605.727
2025-07-25,3604.451,3610.029,3586.22,3593.655
2025-07-28,3594.231,3606.274,3582.149,3597.937
2025-07-29,3595.81,3611.353,3585.944,3609.711
2025-07-30,3608.354,3636.166,3593.734,3615.717
2025-07-31,3604.696,3606.374,3562.607,3573.208
2025-08-01,3568.261,3581.746,3550.043,3559.952
2025-08-04,3547.163,3583.309,3547.163,3583.309
2025-08-05,3588.808,3617.598,3586.969,3617.598
2025-08-06,3615.808,3634.314,3613.989,3633.995
2025-08-07,3637.781,3645.117,3622.522,3639.667
2025-08-08,3634.855,3645.367,3625.451,3635.128
2025-08-11,3637.053,3656.852,3629.627,3647.547
2025-08-12,3647.963,3669.038,3647.963,3665.918
2025-08-13,3668.658,3688.628,3666.547,3683.465
2025-08-14,3685.522,3704.772,3662.57,3666.443
2025-08-15,3659.815,3702.255,3658.376,3696.771
2025-08-18,3712.495,3745.939,3702.38,3728.027
2025-08-19,3728.485,3746.669,3718.147,3727.288
2025-08-20,3716.685,3767.43,3704.991,3766.21
2025-08-21,3770.676,3787.981,3757.992,3771.099
2025-08-22,3772.277,3825.759,3772.277,3825.759
2025-08-25,3848.163,3883.562,3839.972,3883.562
2025-08-26,3871.471,3888.599,3859.758,3868.382
2025-08-27,3869.612,3887.198,3800.35,3800.35
2025-08-28,3796.711,3845.087,3761.422,3843.597
2025-08-29,3842.823,3867.606,3839.206,3857.927
2025-09-01,3869.746,3879.045,3853.658,3875.53
2025-09-02,3877.086,3885.315,3828.678,3858.133
2025-09-03,3865.286,3868.388,3794.884,3813.557
2025-09-04,3807.757,3808.396,3732.84,3765.876
2025-09-05,3761.88,3817.159,3745.309,3812.514
2025-09-08,3811.669,3833.143,3803.603,3826.841
2025-09-09,3816.657,3834.671,3791.724,3807.292
2025-09-10,3806.584,3826.996,3794.057,3812.221
2025-09-11,3806.056,3875.309,3796.435,3875.309
2025-09-12,3875.507,3892.738,3866.539,3870.598
2025-09-15,3876.097,3879.737,3855.973,3860.504
2025-09-16,3865.98,3876.69,3838.648,3861.865
2025-09-17,3854.073,3882.669,3848.946,3876.341
2025-09-18,3876.059,3899.959,3800.995,3831.656
2025-09-19,3830.444,3843.17,3811.903,3820.089
2025-09-22,3822.01,3831.74,3806.202,3828.576
2025-09-23,3830.138,3838.606,3774.528,3821.833
2025-09-24,3804.483,3854.923,3804.328,3853.642
2025-09-25,3852.431,3866.106,3840.459,3853.302
2025-09-26,3839.855,3856.606,3828.106,3828.106
2025-09-29,3828.166,3881.002,3809.535,3862.532
2025-09-30,3869.705,3887.57,3866.281,3882.777
2025-10-09,3898.307,3936.576,3885.744,3933.972
2025-10-10,3915.475,3933.005,3886.305,3897.028
2025-10-13,3800.106,3895.83,3800.106,3889.502
2025-10-14,3910.783,3918.436,3851.121,3865.229
2025-10-15,3867.536,3912.291,3857.667,3912.21
2025-10-16,3900.683,3931.05,3899.167,3916.228
2025-10-17,3912.04,3921.065,3835.365,3839.755
2025-10-20,3865.552,3877.722,3850.367,3863.893
2025-10-21,3870.749,3919.318,3868.145,3916.332
2025-10-22,3896.074,3918.592,3893.325,3913.758
2025-10-23,3904.159,3926.217,3877.529,3922.41
2025-10-24,3929.115,3950.312,3928.96,3950.312
2025-10-27,3969.22,3999.067,3963.102,3996.945
2025-10-28,3986.891,4010.728,3976.833,3988.224
2025-10-29,3990.266,4016.331,3986.941,4016.331
2025-10-30,4007.821,4025.705,3984.828,3986.901
2025-10-31,3985.064,3986.743,3951.731,3954.79
2025-11-03,3954.078,3977.305,3937.022,3976.521
2025-11-04,3973.458,3985.882,3938.52,3960.186
2025-11-05,3922.584,3979.754,3922.584,3969.248
2025-11-06,3973.349,4008.799,3973.349,4007.76
2025-11-07,3994.317,4012.005,3993.691,3997.556
2025-11-10,4001.794,4018.696,3990.836,4018.597
2025-11-11,4023.877,4024.939,3991.516,4002.758
2025-11-12,3996.565,4020.378,3980.676,4000.14
2025-11-13,3996.514,4030.398,3994.771,4029.501
2025-11-14,4007.126,4034.079,3990.307,3990.492
2025-11-17,3988.556,3992.404,3958.948,3972.035
2025-11-18,3962.444,3966.885,3926.589,3939.813
2025-11-19,3937.92,3960.052,3930.075,3946.742
2025-11-20,3960.699,3967.971,3927.512,3931.051
2025-11-21,3896.665,3912.006,3834.749,3834.891
2025-11-24,3848.657,3854.331,3816.576,3836.766
2025-11-25,3850.571,3882.03,3845.138,3870.023
2025-11-26,3867.429,3879.923,3861.177,3864.184
2025-11-27,3867.197,3895.589,3864.131,3875.259
2025-11-28,3870.944,3888.889,3856.25,3888.596
2025-12-01,3894.213,3914.464,3890.949,3914.006
2025-12-02,3908.456,3908.769,3888.328,3897.712
2025-12-03,3894.156,3901.696,3869.953,3878.0
2025-12-04,3879.742,3888.86,3859.049,3875.793
2025-12-05,3873.121,3907.782,3863.314,3902.808
2025-12-08,3909.226,3936.311,3904.738,3924.078
2025-12-09,3916.509,3923.899,3902.128,3909.522
2025-12-10,3901.128,3906.116,3876.475,3900.496
2025-12-11,3903.895,3904.963,3862.821,3873.318
2025-12-12,3869.413,3891.807,3850.597,3889.346
2025-12-15,3865.402,3896.977,3863.63,3867.921
2025-12-16,3861.515,3862.427,3815.844,3824.812
2025-12-17,3822.509,3881.752,3817.996,3870.278
2025-12-18,3857.257,3888.285,3856.423,3876.371
2025-12-19,3878.227,3902.671,3871.777,3890.448
2025-12-22,3900.535,3920.012,3900.515,3917.364
2025-12-23,3919.106,3937.127,3910.745,3919.979
2025-12-24,3920.347,3947.041,3912.311,3940.947
2025-12-25,3937.72,3964.073,3936.078,3959.621
2025-12-26,3957.833,3977.706,3945.524,3963.679
2025-12-29,3964.651,3983.979,3956.946,3965.28
2025-12-30,3947.871,3979.99,3947.419,3965.116
2025-12-31,3968.726,3977.536,3955.487,3968.84
2026-01-05,3986.972,4025.263,3983.576,4023.417
2026-01-06,4026.016,4083.667,4025.088,4083.667
2026-01-07,4083.843,4098.777,4069.436,4085.772
2026-01-08,4077.715,4093.872,4067.122,4082.979
2026-01-09,4086.762,4121.723,4083.616,4120.426
2026-01-12,4134.893,4168.357,4119.879,4165.287
2026-01-13,4169.704,4179.702,4126.234,4138.759
2026-01-14,4138.645,4190.866,4103.621,4126.093
2026-01-15,4106.224,4133.073,4096.85,4112.601
2026-01-16,4127.063,4140.225,4091.811,4101.913
2026-01-19,4090.719,4126.518,4090.057,4114.0
2026-01-20,4116.366,4128.93,4080.294,4113.649
2026-01-21,4103.529,4135.959,4103.529,4116.94
2026-01-22,4126.072,4140.838,4109.923,4122.576
2026-01-23,4130.108,4143.75,4120.204,4136.164
2026-01-26,4144.778,4160.985,4124.7,4132.605
2026-01-27,4125.216,4158.802,4101.83,4139.904
2026-01-28,4150.215,4170.147,4138.019,4151.238
2026-01-29,4155.919,4170.214,4138.299,4157.985
2026-01-30,4131.993,4152.85,4064.777,4117.948
2026-02-02,4079.708,4103.407,4013.656,4015.746
2026-02-03,4043.906,4069.418,4002.782,4067.738
2026-02-04,4064.677,4104.621,4062.683,4102.202
2026-02-05,4075.025,4088.904,4048.939,4075.917
2026-02-06,4040.299,4095.03,4029.973,4065.583
2026-02-09,4103.54,4123.159,4093.056,4123.09
2026-02-10,4127.766,4134.338,4117.564,4128.373
2026-02-11,4124.428,4142.561,4122.428,4131.985
2026-02-12,4136.99,4140.593,4124.131,4134.018
2026-02-13,4115.924,4123.844,4079.77,4082.073
2026-02-24,4129.134,4131.55,4105.937,4117.409
2026-02-25,4123.781,4167.844,4122.699,4147.231
2026-02-26,4151.068,4152.193,4127.153,4146.631
2026-02-27,4128.897,4166.234,4128.36,4162.882
2026-03-02,4151.801,4188.77,4131.368,4182.591
2026-03-03,4189.408,4197.228,4116.011,4122.676
2026-03-04,4087.632,4106.04,4055.413,4082.474
2026-03-05,4109.777,4125.617,4090.621,4108.567
2026-03-06,4085.895,4129.465,4085.895,4124.194
2026-03-09,4098.699,4106.534,4052.545,4096.602
2026-03-10,4098.587,4123.958,4098.587,4123.138
2026-03-11,4123.666,4135.839,4112.8,4133.433
2026-03-12,4133.2,4141.649,4103.164,4129.103
2026-03-13,4117.574,4134.079,4086.847,4095.449
2026-03-16,4092.249,4096.133,4048.087,4084.786
2026-03-17,4086.295,4108.4,4049.58,4049.907
2026-03-18,4053.305,4065.373,4023.03,4062.984
2026-03-19,4028.542,4042.022,3994.165,4006.552
2026-03-20,4004.573,4022.703,3955.711,3957.053
2026-03-23,3904.951,3906.622,3794.684,3813.283
2026-03-24,3849.631,3881.424,3807.994,3881.28
2026-03-25,3892.269,3933.061,3891.816,3931.838
2026-03-26,3924.962,3937.104,3880.573,3889.084
2026-03-27,3852.094,3924.108,3852.094,3913.724
2026-03-30,3884.277,3924.289,3872.776,3923.287
2026-03-31,3924.067,3948.811,3891.861,3891.861
2026-04-01,3939.566,3955.943,3929.921,3948.552
2026-04-02,3940.799,3952.576,3900.116,3919.285
2026-04-03,3927.592,3929.529,3871.3,3880.097
2026-04-07,3884.151,3902.607,3875.684,3890.165
2026-04-08,3930.251,3994.998,3926.249,3994.998
2026-04-09,3967.63,3979.127,3955.246,3966.171
2026-04-10,3985.464,4011.024,3979.814,3986.225
2026-04-13,3971.199,3991.262,3966.198,3988.558
2026-04-14,4006.727,4026.626,3992.407,4026.626
2026-04-15,4039.471,4050.621,4020.904,4027.21
2026-04-16,4030.138,4057.831,4028.909,4055.547
2026-04-17,4043.381,4058.604,4038.429,4051.425
2026-04-20,4053.375,4083.19,4051.685,4082.127
2026-04-21,4075.845,4086.637,4062.133,4085.077
2026-04-22,4074.813,4106.844,4074.68,4106.258
2026-04-23,4110.788,4114.844,4070.46,4093.25
2026-04-24,4081.033,4092.613,4061.145,4079.9
2026-04-27,4074.811,4092.831,4071.08,4086.344
2026-04-28,4076.143,4090.201,4062.872,4078.637
2026-04-29,4061.822,4112.152,4061.822,4107.514
2026-04-30,4107.297,4118.755,4100.966,4112.159
2026-05-06,4135.451,4166.147,4129.911,4160.174
2026-05-07,4168.447,4180.21,4163.137,4180.092
2026-05-08,4163.854,4183.063,4154.246,4179.952
2026-05-11,4201.347,4229.58,4186.082,4225.021
2026-05-12,4229.283,4230.184,4199.344,4214.489
2026-05-13,4192.315,4245.068,4192.315,4242.572
2026-05-14,4256.157,4258.863,4177.918,4177.918
2026-05-15,4174.175,4191.807,4114.086,4135.389
2026-05-18,4120.14,4145.661,4108.604,4131.528
2026-05-19,4122.961,4170.289,4107.994,4169.538
2026-05-20,4152.698,4169.847,4139.974,4162.185
2026-05-21,4174.377,4199.527,4074.217,4077.277
2026-05-22,4096.172,4120.088,4067.747,4112.9
2026-05-25,4126.338,4153.879,4119.8,4152.569
2026-05-26,4137.32,4150.289,4104.459,4145.373
2026-05-27,4138.805,4153.561,4077.616,4093.727
2026-05-28,4080.304,4110.782,4055.828,4098.636
2026-05-29,4110.521,4112.955,4055.886,4068.569
2026-06-01,4067.158,4093.041,4045.69,4057.74
2026-06-02,4061.463,4089.575,4032.583,4075.102
2026-06-03,4068.341,4107.046,4059.907,4083.974
2026-06-04,4053.67,4080.718,4043.433,4057.781
2026-06-05,4044.829,4078.932,4015.063,4027.736
2026-06-08,3938.709,4007.493,3927.853,3959.338
2026-06-09,3977.539,4010.872,3955.908,4010.031
2026-06-10,3985.124,4006.313,3963.442,3993.226
2026-06-11,3979.706,3997.478,3958.437,3987.015
2026-06-12,4017.865,4060.271,4008.177,4031.513
2026-06-15,4053.582,4097.166,4051.065,4096.472
2026-06-16,4094.212,4103.926,4077.87,4091.892
2026-06-17,4074.291,4109.958,4073.732,4108.076
2026-06-18,4094.23,4117.451,4080.294,4090.481
2026-06-22,4093.955,4164.418,4070.172,4163.097
2026-06-23,4153.593,4175.348,4085.591,4106.252
2026-06-24,4090.1,4117.285,4075.492,4110.813
2026-06-25,4103.482,4133.098,4093.009,4120.281
2026-06-26,4098.686,4099.78,4007.859,4027.265
2026-06-29,4026.686,4075.334,3992.552,4073.902
2026-06-30,4058.17,4097.415,4052.17,4094.397
2026-07-01,4090.76,4143.314,4087.535,4112.445
2026-07-02,4054.086,4093.678,4019.215,4028.904
2026-07-03,4031.335,4073.88,4027.255,4043.643
2026-07-06,4059.194,4060.069,4005.414,4041.238
2026-07-07,4019.494,4028.514,3971.713,3990.235
2026-07-08,3996.807,4016.026,3967.913,3970.88
2026-07-09,3977.547,4040.539,3938.878,4036.588
2026-07-10,4031.537,4074.828,3995.807,3996.162
2026-07-13,3966.023,3983.054,3900.668,3913.794
2026-07-14,3909.274,3967.126,3869.304,3967.126
2026-07-15,3963.727,3981.672,3943.695,3955.578
2026-07-16,3912.381,3940.451,3867.601,3882.413
2026-07-17,3865.317,3869.215,3745.174,3764.155
2026-07-20,3791.662,3831.659,3741.11,3796.281
2026-07-21,3812.162,3864.6,3743.36,3864.367
2026-07-22,3839.665,3884.435,3839.665,3867.034
2026-07-23,3868.087,3878.832,3851.706,3876.777
2026-07-24,3853.632,3861.04,3808.636,3814.198
2026-07-27,3808.903,3858.31,3793.449,3858.245
2026-07-28,3823.133,3844.012,3797.373,3813.315
2026-07-29,3823.293,3845.766,3782.481,3828.469
2026-07-30,3812.111,3839.341,3767.503,3804.693
2026-07-31,3833.536,3847.093,3822.374,3832.262
2026-08-03,3812.613,3827.636,3797.643,3809.663
2026-08-04,3816.37,3831.94,3799.524,3822.285
2026-08-05,3815.122,3884.397,3815.122,3878.43
2026-08-06,3864.273,3902.054,3864.273,3900.352
2026-08-07,3896.485,3940.935,3885.625,3940.037
